date,pnl,cum,delta,target_delta,stress,trend,tail_active
2020-03-31,-1.524291392151639,-1.524291392151639,0.25,0.25,1.0,0.0,1.0
2020-04-01,-1.10029555250117,-2.624586944652809,0.21283374343152617,0.25,1.0,0.0,1.0
2020-04-02,0.9573197839141536,-1.6672671607386556,0.24146129140217032,0.25,1.0,0.0,1.0
2020-04-03,-0.6437691277444924,-2.311036288483148,0.2254894447951955,0.25,1.0,0.0,1.0
2020-04-06,0.3094178256398793,-2.0016184628432687,0.25126036847754074,0.25,1.0,0.0,1.0
2020-04-07,1.5481911137515443,-0.45342734909172444,0.27936610723051236,0.25,1.0,0.0,1.0
2020-04-08,-0.2946381953168591,-0.7480655444085835,0.2782174763212867,0.25,1.0,0.0,1.0
2020-04-09,1.022175137182205,0.27410959277362146,0.6103848792889522,0.6103848792889522,0.0,0.0,0.0
2020-04-13,-0.2731684660724485,0.0009411267011729674,0.25,0.25,1.0,0.0,1.0
2020-04-14,2.9683532687238072,2.9692943954249804,0.6187063048266327,0.6187063048266327,0.0,0.0,0.0
2020-04-15,-2.6944226574947194,0.274871737930261,0.25,0.25,1.0,0.0,1.0
2020-04-16,-1.1852430736375394,-0.9103713357072785,0.302392831225181,0.25,1.0,0.0,1.0
2020-04-17,1.6592502917998464,0.7488789560925679,0.31948101367076365,0.25,1.0,0.0,1.0
2020-04-20,-0.6937913406994307,0.055087615393137224,0.31771908892968037,0.25,1.0,0.0,1.0
2020-04-21,-2.30146899346443,-2.246381378071293,0.28995982359002026,0.25,1.0,0.0,1.0
2020-04-22,1.3041771945820406,-0.9422041834892523,0.3225652944427331,0.25,1.0,0.0,1.0
2020-04-23,0.35926649173520864,-0.5829376917540436,0.32815056973769174,0.25,1.0,0.0,1.0
2020-04-24,0.46519143262045537,-0.11774625913358827,0.25,0.25,1.0,0.0,1.0
2020-04-27,0.1879414476453276,0.07019518851173934,0.2544770708081917,0.25,1.0,0.0,1.0
2020-04-28,0.11265182990628364,0.18284701841802298,0.9250082205698482,0.9250082205698482,0.0,0.0,0.0
2020-04-29,2.488795490684165,2.671642509102188,1.0115877820785857,1.0115877820785857,0.0,0.0,0.0
2020-04-30,-2.681424484190006,-0.009781975087818306,1.0115877820785857,1.0614649598747992,0.0,0.0,0.0
2020-05-01,-3.261832139142915,-3.2716141142307333,1.0115877820785857,1.0859604772263554,0.0,0.0,0.0
2020-05-04,0.18574537634454444,-3.085868737886189,1.1052360655243687,1.1052360655243687,0.0,0.0,0.0
2020-05-05,2.2696225526884524,-0.8162461851977367,1.1052360655243687,1.1125122976005681,0.0,0.0,0.0
2020-05-06,1.8410254293112471,1.0247792441135104,1.2052537505026162,1.2052537505026162,0.0,0.0,0.0
2020-05-07,3.867026792299737,4.891806036413247,1.2052537505026162,1.1763797126075974,0.0,0.0,0.0
2020-05-08,3.156188812407621,8.047994848820869,1.2052537505026162,1.1574732117457445,0.0,0.0,0.0
2020-05-11,-3.1795437977460765,4.868451051074793,1.2052537505026162,1.202775073986977,0.0,0.0,0.0
2020-05-12,-2.5006819350595593,2.3677691160152334,1.2052537505026162,1.2095430185665592,0.0,0.0,0.0
2020-05-13,-1.5104702698213688,0.8572988461938646,1.2052537505026162,1.244394499431575,0.0,0.0,0.0
2020-05-14,-0.05614086432888093,0.8011579818649838,1.2052537505026162,1.24473724722659,0.0,0.0,0.0
2020-05-15,-2.087487258165804,-1.2863292763008203,1.345110324441576,1.345110324441576,0.0,0.0,0.0
2020-05-18,8.57812714245928,7.2917978661584595,1.1702176027158668,1.1702176027158668,0.0,0.0,0.0
2020-05-19,2.0345676724481834,9.326365538606643,1.3713758789080621,1.3713758789080621,0.0,0.0,0.0
2020-05-20,5.722066087877758,15.048431626484401,1.3713758789080621,1.4072367332922355,0.0,0.0,0.0
2020-05-21,-3.7127534130541586,11.335678213430242,1.3713758789080621,1.380888555901517,0.0,0.0,0.0
2020-05-22,-6.228453049203689,5.107225164226553,1.3713758789080621,1.310982982454682,0.0,0.0,0.0
2020-05-26,4.0891039363958415,9.196329100622394,1.2751970931346752,1.2751970931346752,0.0,0.0,0.0
2020-05-27,-4.51115655590918,4.685172544713215,1.2751970931346752,1.2324042331315646,0.0,0.0,0.0
2020-05-28,3.964890392329855,8.650062937043069,1.2751970931346752,1.221509669975987,0.0,0.0,0.0
2020-05-29,1.5042738049926876,10.154336742035756,1.2751970931346752,1.2407386689818678,0.0,0.0,0.0
2020-06-01,5.669531045313906,15.823867787349663,1.2751970931346752,1.215249687109161,0.0,0.0,0.0
2020-06-02,2.651678258380029,18.475546045729693,1.2751970931346752,1.2029124504527402,0.0,0.0,0.0
2020-06-03,-0.46304824225406094,18.012497803475632,1.2751970931346752,1.2164004641937662,0.0,0.0,0.0
2020-06-04,0.30283672587893307,18.315334529354566,1.2751970931346752,1.2239893444385948,0.0,0.0,0.0
2020-06-05,7.653410319314734,25.9687448486693,1.1374390440209634,1.1374390440209634,0.0,0.0,0.0
2020-06-08,1.4064278860121766,27.375172734681477,1.1374390440209634,1.1519415387267886,0.0,0.0,0.0
2020-06-09,3.8638663396694533,31.23903907435093,1.1374390440209634,1.144235114028948,0.0,0.0,0.0
2020-06-10,6.672182262611746,37.911221336962676,1.1374390440209634,1.086031929138779,0.0,0.0,0.0
2020-06-11,-2.079495667184423,35.83172566977825,0.25,0.25,1.0,0.0,1.0
2020-06-12,0.4214029487838914,36.253128618562144,0.2547353819323531,0.25,1.0,0.0,1.0
2020-06-15,-1.5692459754450818,34.68388264311706,0.5,0.5,1.0,1.0,1.0
2020-06-16,-0.06236369523611482,34.62151894788094,0.5112567298338534,0.5,1.0,1.0,1.0
2020-06-17,2.5546214448297753,37.17614039271072,1.1035201840266213,1.1035201840266213,0.0,1.0,0.0
2020-06-18,0.08835902666302062,37.26449941937374,1.1035201840266213,1.1451489984236674,0.0,1.0,0.0
2020-06-19,2.085661104190865,39.350160523564604,1.1035201840266213,1.155858581489059,0.0,1.0,0.0
2020-06-22,3.9463948674096825,43.296555390974284,1.1035201840266213,1.1833881773897672,0.0,1.0,0.0
2020-06-23,0.8612824001214398,44.15783779109572,1.2128199990506616,1.2128199990506616,0.0,1.0,0.0
2020-06-24,-1.1583672797331281,42.999470511362595,1.2128199990506616,1.2510192227825696,0.0,1.0,0.0
2020-06-25,2.4104751030126454,45.40994561437524,1.2128199990506616,1.273649606135807,0.0,1.0,0.0
2020-06-26,0.10443789488664723,45.51438350926188,1.2128199990506616,1.2785699024114956,0.0,1.0,0.0
2020-06-29,1.883099265568735,47.39748277483062,1.3470227013856204,1.3470227013856204,0.0,1.0,0.0
2020-06-30,4.81027115281267,52.20775392764329,1.3470227013856204,1.3223640508467918,0.0,1.0,0.0
2020-07-01,0.9007610445239437,53.108514972167235,1.3470227013856204,1.3214679359360282,0.0,1.0,0.0
2020-07-02,1.882012864819655,54.99052783698689,1.3470227013856204,1.3157078972039502,0.0,1.0,0.0
2020-07-06,3.6033479798449948,58.59387581683189,1.489547065968473,1.489547065968473,0.0,1.0,0.0
2020-07-07,3.5077095400040954,62.10158535683598,1.489547065968473,1.4738010388103504,0.0,1.0,0.0
2020-07-08,3.9731159438495274,66.0747013006855,1.489547065968473,1.5,0.0,1.0,0.0
2020-07-09,2.462573160853804,68.53727446153931,1.489547065968473,1.5,0.0,1.0,0.0
2020-07-10,8.71847773303981,77.25575219457912,1.489547065968473,1.5,0.0,1.0,0.0
2020-07-13,8.660188643194996,85.91594083777412,1.489547065968473,1.5,0.0,1.0,0.0
2020-07-14,-3.126302910626812,82.78963792714731,1.489547065968473,1.5,0.0,1.0,0.0
2020-07-15,-2.4012418552788906,80.38839607186841,0.5000000000000001,0.5,1.0,1.0,1.0
2020-07-16,0.768656975646469,81.15705304751488,0.5006039214724519,0.5,1.0,1.0,1.0
2020-07-17,0.16512625333047726,81.32217930084535,0.5007453154704423,0.5,1.0,1.0,1.0
2020-07-20,1.73706237208328,83.05924167292864,1.5,1.5,0.0,1.0,0.0
2020-07-21,6.411089175000058,89.4703308479287,1.5,1.5,0.0,1.0,0.0
2020-07-22,-4.985059230000047,84.48527161792865,1.5,1.5,0.0,1.0,0.0
2020-07-23,1.9138351500000397,86.39910676792869,1.5,1.5,0.0,1.0,0.0
2020-07-24,-6.74798586,79.65112090792869,1.5,1.4797107903452649,0.0,1.0,0.0
2020-07-27,0.9989951549999887,80.65011606292867,1.5,1.4780316693672197,0.0,1.0,0.0
2020-07-28,2.978236559999999,83.62835262292867,1.5,1.4717860112051577,0.0,1.0,0.0
2020-07-29,0.2020358549999628,83.83038847792864,1.5,1.5,0.0,1.0,0.0
2020-07-30,-0.6094159949999494,83.22097248292869,1.5,1.5,0.0,1.0,0.0
2020-07-31,-6.527786985000063,76.69318549792862,1.5,1.464713113277149,0.0,1.0,0.0
2020-08-03,6.305292379318551,82.99847787724718,1.4170183175944218,1.4170183175944218,0.0,1.0,0.0
2020-08-04,-2.2974288025356313,80.70104907471155,1.4170183175944218,1.428716848225802,0.0,1.0,0.0
2020-08-05,3.1917696828131046,83.89281875752465,1.4170183175944218,1.4376890759551435,0.0,1.0,0.0
2020-08-06,-0.24599826390735177,83.6468204936173,0.5,0.5,1.0,1.0,1.0
2020-08-07,-2.535550269727425,81.11127022388987,0.19999999999999996,0.2,1.0,1.0,1.0
2020-08-10,1.4827317952119727,82.59400201910185,0.2237554647175639,0.2,1.0,1.0,1.0
2020-08-11,0.31174573411597667,82.90574775321782,0.22812457200716463,0.2,1.0,1.0,1.0
2020-08-12,0.3498987785482856,83.2556465317661,0.23390394406558446,0.2,1.0,1.0,1.0
2020-08-13,-1.7173879612787288,81.53825857048737,0.2058494432591632,0.2,1.0,1.0,1.0
2020-08-14,1.1288857744121428,82.66714434489951,0.21939533436287217,0.2,1.0,1.0,1.0
2020-08-17,2.028010781757518,84.69515512665703,0.5,0.5,1.0,1.0,1.0
2020-08-18,1.3699198194869033,86.06507494614394,0.20000000000000007,0.2,1.0,1.0,1.0
2020-08-19,0.9474216950074179,87.01249664115136,0.20319027824939384,0.2,1.0,1.0,1.0
2020-08-20,-2.2801555269972873,84.73234111415407,0.5,0.5,1.0,1.0,1.0
2020-08-21,-2.78962651775621,81.94271459639786,0.4940071195652199,0.5,1.0,1.0,1.0
2020-08-24,0.5928269388598817,82.53554153525775,0.49866675575335584,0.5,1.0,1.0,1.0
2020-08-25,0.7913386597718742,83.32688019502963,0.9450163602042304,0.9450163602042304,0.0,1.0,0.0
2020-08-26,2.706288862704762,86.0331690577344,0.9450163602042304,0.9372324801917139,0.0,1.0,0.0
2020-08-27,0.8520020570826353,86.88517111481703,0.9450163602042304,0.936638662026991,0.0,1.0,0.0
2020-08-28,2.7110243302355976,89.59619544505263,0.9450163602042304,0.947908235758948,0.0,1.0,0.0
2020-08-31,4.077472059295767,93.6736675043484,0.9450163602042304,0.9508331275054072,0.0,1.0,0.0
2020-09-01,-3.1037576218179885,90.56990988253041,0.9450163602042304,0.9435472330727871,0.0,1.0,0.0
2020-09-02,-0.6818771406155212,89.88803274191488,0.9450163602042304,0.94813108635151,0.0,1.0,0.0
2020-09-03,-4.2627043380528775,85.625328403862,0.9450163602042304,0.9295410966556595,0.0,1.0,0.0
2020-09-04,4.2783568083319,89.90368521219389,0.5,0.5,1.0,1.0,1.0
2020-09-08,-1.9399642294818653,87.96372098271203,0.5019406651509302,0.5,1.0,1.0,1.0
2020-09-09,1.3409691757548299,89.30469015846687,0.5082734147583842,0.5,1.0,1.0,1.0
2020-09-10,-2.6500412846255994,86.65464887384127,0.49326396748616097,0.5,1.0,1.0,1.0
2020-09-11,1.9632389501646368,88.6178878240059,0.5113878644109164,0.5,1.0,1.0,1.0
2020-09-14,3.2785268766550972,91.896414700661,1.124457493561581,1.124457493561581,0.0,1.0,0.0
2020-09-15,-0.579374823224445,91.31703987743656,1.124457493561581,1.1540088954540662,0.0,1.0,0.0
2020-09-16,-0.28892667486270723,91.02811320257385,1.2475582774314518,1.2475582774314518,0.0,1.0,0.0
2020-09-17,1.17826894060527,92.20638214317911,1.2475582774314518,1.2955365028400603,0.0,1.0,0.0
2020-09-18,5.143858708518148,97.35024085169727,1.2475582774314518,1.306495078078993,0.0,1.0,0.0
2020-09-21,-4.426260317485148,92.92398053421212,0.5000000000000001,0.5,1.0,1.0,1.0
2020-09-22,1.4594610360415627,94.38344157025368,0.5030904004169261,0.5,1.0,1.0,1.0
2020-09-23,-3.22731645069911,91.15612511955457,0.48981232686175924,0.5,1.0,1.0,1.0
2020-09-24,-1.2608476811309874,89.89527743842359,0.4851641318067371,0.5,1.0,1.0,1.0
2020-09-25,0.12252173224144369,90.01779917066503,0.48724862137534,0.5,1.0,1.0,1.0
2020-09-28,2.3449712702753214,92.36277044094035,1.1457374099198616,1.1457374099198616,0.0,1.0,0.0
2020-09-29,-0.09010162238337359,92.27266881855698,0.4999999999999999,0.5,1.0,1.0,1.0
2020-09-30,2.169825181178559,94.44249399973553,0.5046203942168457,0.5,1.0,1.0,1.0
2020-10-01,-3.6599704503454853,90.78252354939005,0.20000000000000007,0.2,1.0,1.0,1.0
2020-10-02,2.7717697809097297,93.55429333029979,0.23926324317651393,0.2,1.0,1.0,1.0
2020-10-05,-0.6219659761347642,92.93232735416503,0.2487266709836201,0.2,1.0,1.0,1.0
2020-10-06,-0.0417052107293933,92.89062214343564,0.2524675972142718,0.2,1.0,1.0,1.0
2020-10-07,1.8325351398207692,94.7231572832564,0.269037537434787,0.2,1.0,1.0,1.0
2020-10-08,0.27504950435927017,94.99820678761567,0.5,0.5,1.0,1.0,1.0
2020-10-09,3.381095507865762,98.37930229548144,0.8286794583043385,0.8286794583043385,0.0,1.0,0.0
2020-10-12,-1.3012434492161706,97.07805884626526,0.8286794583043385,0.8322792564544941,0.0,1.0,0.0
2020-10-13,-1.5231536236795242,95.55490522258575,0.8286794583043385,0.8303490272949005,0.0,1.0,0.0
2020-10-14,0.5750167150295712,96.12992193761532,0.8286794583043385,0.8300836424585422,0.0,1.0,0.0
2020-10-15,2.752821517183187,98.88274345479851,0.8286794583043385,0.823953893214744,0.0,1.0,0.0
2020-10-16,-1.5892281979779126,97.2935152568206,0.8286794583043385,0.8318710272165609,0.0,1.0,0.0
2020-10-19,1.4449565213289863,98.73847177814959,0.8286794583043385,0.8785214150160752,0.0,1.0,0.0
2020-10-20,4.998132420825822,103.73660419897541,0.8286794583043385,0.8597432730737553,0.0,1.0,0.0
2020-10-21,4.117923411509184,107.8545276104846,0.8286794583043385,0.8741730897526835,0.0,1.0,0.0
2020-10-22,-3.556973314827642,104.29755429565695,0.8286794583043385,0.8668487853233958,0.0,1.0,0.0
2020-10-23,-1.9968165098474349,102.30073778580952,0.8286794583043385,0.8630688816998358,0.0,1.0,0.0
2020-10-26,-3.2438254408502716,99.05691234495924,0.8286794583043385,0.8557049189633904,0.0,1.0,0.0
2020-10-27,0.4578191812951148,99.51473152625437,0.8286794583043385,0.8555040556717852,0.0,1.0,0.0
2020-10-28,-2.440443610724445,97.07428791552992,0.8286794583043385,0.8627035781025431,0.0,1.0,0.0
2020-10-29,-0.8549924072583261,96.2192955082716,1.1861102718593322,1.1861102718593322,0.0,1.0,0.0
2020-10-30,-1.283566185000069,94.93572932327153,1.5,1.5,0.0,1.0,0.0
2020-11-02,4.44392659500005,99.37965591827158,1.5,1.5,0.0,1.0,0.0
2020-11-03,1.848234285000018,101.2278902032716,1.5,1.5,0.0,1.0,0.0
2020-11-04,2.3024488199999382,103.53033902327154,1.5,1.5,0.0,1.0,0.0
2020-11-05,0.7733895750000102,104.30372859827155,1.5,1.5,0.0,1.0,0.0
2020-11-06,6.704566454999991,111.00829505327154,1.5,1.5,0.0,1.0,0.0
2020-11-09,0.382650840000025,111.39094589327156,1.5,1.5,0.0,1.0,0.0
2020-11-10,0.11242316999999957,111.50336906327156,1.5,1.5,0.0,1.0,0.0
2020-11-11,-3.1918705949999833,108.31149846827158,1.5,1.5,0.0,1.0,0.0
2020-11-12,1.6615795049999917,109.97307797327157,1.5,1.5,0.0,1.0,0.0
2020-11-13,4.919680965000026,114.8927589382716,1.5,1.5,0.0,1.0,0.0
2020-11-16,6.726817409999967,121.61957634827156,1.5,1.5,0.0,1.0,0.0
2020-11-17,-3.072275864999966,118.5473004832716,1.5,1.5,0.0,1.0,0.0
2020-11-18,0.3789329699999371,118.92623345327154,1.5,1.5,0.0,1.0,0.0
2020-11-19,1.076743635000014,120.00297708827155,1.5,1.5,0.0,1.0,0.0
2020-11-20,13.380276480000049,133.38325356827158,1.5,1.5,0.0,1.0,0.0
2020-11-23,-4.502994690000065,128.88025887827152,1.5,1.5,0.0,1.0,0.0
2020-11-24,6.388832519999994,135.2690913982715,1.5,1.5,0.0,1.0,0.0
2020-11-25,1.7752220700000692,137.04431346827158,1.5,1.5,0.0,1.0,0.0
2020-11-27,13.003632479999936,150.04794594827152,1.5,1.430022993692575,0.0,1.0,0.0
2020-11-30,3.146219880000018,153.19416582827154,1.5,1.421382606197403,0.0,1.0,0.0
2020-12-01,6.583298816418085,159.77746464468962,1.3954121178875194,1.3954121178875194,0.0,1.0,0.0
2020-12-02,0.4660233849020033,160.24348802959162,1.3954121178875194,1.3995442276632715,0.0,1.0,0.0
2020-12-03,0.24677173971255256,160.49025976930417,1.3954121178875194,1.4062953004665806,0.0,1.0,0.0
2020-12-04,4.788145821805942,165.27840559111013,1.3954121178875194,1.3809522906157812,0.0,1.0,0.0
2020-12-07,-1.0165263032002156,164.26187928790992,1.3954121178875194,1.4369992295203164,0.0,1.0,0.0
2020-12-08,-2.4099818160783095,161.85189747183162,1.3954121178875194,1.4300029733220119,0.0,1.0,0.0
2020-12-09,1.991542668148149,163.84344013997978,1.3954121178875194,1.42516593505178,0.0,1.0,0.0
2020-12-10,8.641160664174132,172.4846008041539,1.3954121178875194,1.3550419567069156,0.0,1.0,0.0
2020-12-11,-6.572565069187177,165.91203573496674,1.3954121178875194,1.315862214873795,0.0,1.0,0.0
2020-12-14,-0.11615403492236029,165.79588170004436,1.3954121178875194,1.3411889228473821,0.0,1.0,0.0
2020-12-15,2.3898358745711326,168.1857175746155,1.3954121178875194,1.3851388428383986,0.0,1.0,0.0
2020-12-16,1.9219671269137841,170.10768470152928,1.3954121178875194,1.3920146645416396,0.0,1.0,0.0
2020-12-17,5.91111145425902,176.0187961557883,1.3954121178875194,1.3556237815576655,0.0,1.0,0.0
2020-12-18,4.389078510510492,180.4078746662988,1.3954121178875194,1.3382406347007716,0.0,1.0,0.0
2020-12-21,-8.019526206183992,172.3883484601148,1.4861541865325238,1.4861541865325238,0.0,1.0,0.0
2020-12-22,-8.515167752379373,163.87318070773543,1.4861541865325238,1.430801097170062,0.0,1.0,0.0
2020-12-23,5.25969557098342,169.13287627871884,1.4861541865325238,1.4509539391757027,0.0,1.0,0.0
2020-12-24,0.9394603163061029,170.07233659502495,1.4861541865325238,1.453892480486129,0.0,1.0,0.0
2020-12-28,1.285991584227089,171.35832817925203,1.4861541865325238,1.5,0.0,1.0,0.0
2020-12-29,-2.369522065222323,168.9888061140297,1.4861541865325238,1.5,0.0,1.0,0.0
2020-12-30,-0.8963747744380385,168.09243133959166,1.4861541865325238,1.5,0.0,1.0,0.0
2020-12-31,-4.48800063199357,163.60443070759808,1.4861541865325238,1.5,0.0,1.0,0.0
2021-01-04,5.383565601015333,168.98799630861342,1.4861541865325238,1.5,0.0,1.0,0.0
2021-01-05,4.237484406630514,173.22548071524392,0.5,0.5,1.0,1.0,1.0
2021-01-06,0.5632579088134133,173.78873862405734,0.5004652706563893,0.5,1.0,1.0,1.0
2021-01-07,2.278473821772638,176.06721244583,0.5011099245379919,0.5,1.0,1.0,1.0
2021-01-08,-3.292540107145576,172.7746723386844,1.4750040110379459,1.4750040110379459,0.0,1.0,0.0
2021-01-11,-2.291663000783145,170.48300933790128,0.19999999999999996,0.2,1.0,1.0,1.0
2021-01-12,0.8118001845932858,171.29480952249457,0.2028884963296571,0.2,1.0,1.0,1.0
2021-01-13,0.23100106433938905,171.52581058683396,0.20353705240326259,0.2,1.0,1.0,1.0
2021-01-14,0.9562764640704751,172.48208705090443,0.20455537042170013,0.2,1.0,1.0,1.0
2021-01-15,-1.2505099740996095,171.23157707680483,0.20169606244737948,0.2,1.0,1.0,1.0
2021-01-19,1.5207876472124235,172.75236472401724,0.5,0.5,1.0,1.0,1.0
2021-01-20,1.0397737327974972,173.79213845681474,1.2605627017844103,1.2605627017844103,0.0,1.0,0.0
2021-01-21,0.8325994459382242,174.62473790275297,1.2605627017844103,1.3075948564073503,0.0,1.0,0.0
2021-01-22,-2.9523736792357758,171.6723642235172,1.3613951069314607,1.3613951069314607,0.0,1.0,0.0
2021-01-25,0.5408090329270941,172.2131732564443,1.3613951069314607,1.3872214177109048,0.0,1.0,0.0
2021-01-26,-1.2505184606795827,170.9626547957647,1.3613951069314607,1.386344090741638,0.0,1.0,0.0
2021-01-27,-8.405441208263785,162.5572135875009,1.3613951069314607,1.314535973182085,0.0,1.0,0.0
2021-01-28,2.32424698322409,164.881460570725,1.3613951069314607,1.3138767760073191,0.0,1.0,0.0
2021-01-29,-3.0729551938747544,161.80850537685026,1.3613951069314607,1.3054585241257923,0.0,1.0,0.0
2021-02-01,-1.465949856339278,160.34255552051098,1.3613951069314607,1.3199899970659341,0.0,1.0,0.0
2021-02-02,-2.815775637056604,157.52677988345437,1.3613951069314607,1.3366474833249689,0.0,1.0,0.0
2021-02-03,5.8628647417518955,163.38964462520627,1.4517076673650888,1.4517076673650888,0.0,1.0,0.0
2021-02-04,-1.5909871430800606,161.7986574821262,1.4517076673650888,1.451727097741756,0.0,1.0,0.0
2021-02-05,10.353123566815956,172.15178104894215,1.4517076673650888,1.3823810692143645,0.0,1.0,0.0
2021-02-08,5.325387473570283,177.47716852251244,1.361974501531429,1.361974501531429,0.0,1.0,0.0
2021-02-09,7.832282745000043,185.3094512675125,1.5,1.5,0.0,1.0,0.0
2021-02-10,8.187957254999958,193.49740852251244,1.5,1.5,0.0,1.0,0.0
2021-02-11,0.03853703999999425,193.53594556251244,1.5,1.5,0.0,1.0,0.0
2021-02-12,2.0447021100000313,195.58064767251247,1.5,1.5,0.0,1.0,0.0
2021-02-16,6.885128459999976,202.46577613251245,1.5,1.5,0.0,1.0,0.0
2021-02-17,-1.4318642700000055,201.03391186251244,1.5,1.5,0.0,1.0,0.0
2021-02-18,4.049928109681268,205.08383997219372,0.4999999999999999,0.5,1.0,1.0,1.0
2021-02-19,8.594996369785083,213.6788363419788,0.49854745479514084,0.5,1.0,1.0,1.0
2021-02-22,3.5797041649040584,217.25854050688287,0.5002841543142004,0.5,1.0,1.0,1.0
2021-02-23,1.9470703978268846,219.20561090470974,0.5008486983325001,0.5,1.0,1.0,1.0
2021-02-24,5.8236475116802024,225.02925841638995,0.5012587867382459,0.5,1.0,1.0,1.0
2021-02-25,-0.8116149576106813,224.21764345877926,0.19999999999999996,0.2,1.0,1.0,1.0
2021-02-26,-3.3041639771063847,220.91347948167288,0.19162485454239397,0.2,1.0,1.0,1.0
2021-03-01,0.39071009826138836,221.30418957993427,0.1948575120902305,0.2,1.0,1.0,1.0
2021-03-02,2.1150265865702353,223.4192161665045,0.19751040996335378,0.2,1.0,1.0,1.0
2021-03-03,-1.5418897813502783,221.87732638515422,0.1945227453572439,0.2,1.0,1.0,1.0
2021-03-04,-2.9601409137887096,218.9171854713655,0.1729991978168811,0.2,1.0,1.0,1.0
2021-03-05,1.7813493040847355,220.69853477545024,0.18418674804539337,0.2,1.0,1.0,1.0
2021-03-08,0.23574574653510577,220.93428052198536,0.19077259829978488,0.2,1.0,1.0,1.0
2021-03-09,-1.5892057427378132,219.34507477924754,0.18311951903308388,0.2,1.0,1.0,1.0
2021-03-10,0.4191279776605823,219.76420275690813,0.18787347422209988,0.2,1.0,1.0,1.0
2021-03-11,5.354809330547709,225.11901208745584,0.5,0.5,1.0,1.0,1.0
2021-03-12,0.10003434292964974,225.2190464303855,0.7147209086351552,0.7147209086351552,0.0,1.0,0.0
2021-03-15,0.03250187614251367,225.251548306528,0.7147209086351552,0.7152002020955255,0.0,1.0,0.0
2021-03-16,-4.87437802129531,220.3771702852327,0.7147209086351552,0.7104268794919009,0.0,1.0,0.0
2021-03-17,3.390104474067017,223.7672747592997,0.7147209086351552,0.7058450706869048,0.0,1.0,0.0
2021-03-18,-0.8138959106889572,222.95337884861075,0.7147209086351552,0.7216480223644558,0.0,1.0,0.0
2021-03-19,0.35396928185201226,223.30734813046277,0.8032489516340647,0.8032489516340647,0.0,1.0,0.0
2021-03-22,2.2052997227078146,225.5126478531706,0.8032489516340647,0.817159836422445,0.0,1.0,0.0
2021-03-23,-4.796573258009215,220.7160745951614,0.8032489516340647,0.8104203386733432,0.0,1.0,0.0
2021-03-24,-1.1679908943460806,219.5480837008153,0.8032489516340647,0.8530824438162788,0.0,1.0,0.0
2021-03-25,-6.933524342675144,212.61455935814016,0.8032489516340647,0.8307378487877176,0.0,1.0,0.0
2021-03-26,8.117216609245386,220.73177596738554,0.9061805636037503,0.9061805636037503,0.0,1.0,0.0
2021-03-29,-2.948868404760353,217.78290756262518,0.9061805636037503,0.9034075605903893,0.0,1.0,0.0
2021-03-30,-5.049070665417332,212.73383689720785,0.9061805636037503,0.9399037722595135,0.0,1.0,0.0
2021-03-31,1.605783258182506,214.33962015539035,0.9061805636037503,0.9690495909361299,0.0,1.0,0.0
2021-04-01,-0.6162643261069831,213.72335582928338,1.161626392403276,1.161626392403276,0.0,1.0,0.0
2021-04-05,7.3922485731898675,221.11560440247325,0.5,0.5,1.0,1.0,1.0
2021-04-06,-1.1284383485339669,219.9871660539393,0.49747453189741153,0.5,1.0,1.0,1.0
2021-04-07,-3.0831862949221938,216.9039797590171,0.489901698538579,0.5,1.0,1.0,1.0
2021-04-08,2.030181708777966,218.93416146779506,0.49828381825250023,0.5,1.0,1.0,1.0
2021-04-09,-2.7738007773390447,216.16036069045603,0.4968312074570177,0.5,1.0,1.0,1.0
2021-04-12,-2.0976659851146486,214.06269470534139,1.1474403055683438,1.1474403055683438,0.0,1.0,0.0
2021-04-13,1.543857557783182,215.60655226312457,1.1474403055683438,1.1457476167457903,0.0,1.0,0.0
2021-04-14,10.865287180701193,226.47183944382576,1.1474403055683438,1.1080109874476871,0.0,1.0,0.0
2021-04-15,9.655931950640426,236.12777139446618,1.064415069729708,1.064415069729708,0.0,1.0,0.0
2021-04-16,-5.408150646357691,230.7196207481085,1.064415069729708,1.0479128395012376,0.0,1.0,0.0
2021-04-19,7.6613099902757265,238.38093073838422,1.064415069729708,1.015635885777414,0.0,1.0,0.0
2021-04-20,-2.5391110888493342,235.8418196495349,1.064415069729708,1.0169598811611662,0.0,1.0,0.0
2021-04-21,7.068154186892113,242.909973836427,1.064415069729708,1.0135137483470782,0.0,1.0,0.0
2021-04-22,-0.763721005776298,242.14625283065072,1.064415069729708,1.014559306932951,0.0,1.0,0.0
2021-04-23,6.507795864439255,248.65404869508998,1.064415069729708,1.043032920807536,0.0,1.0,0.0
2021-04-26,11.008420506436481,259.66246920152645,1.064415069729708,1.0363533471984443,0.0,1.0,0.0
2021-04-27,4.4747669983029645,264.13723619982943,1.064415069729708,1.0336501810530276,0.0,1.0,0.0
2021-04-28,1.135053453718793,265.2722896535482,1.064415069729708,1.0552056019159504,0.0,1.0,0.0
2021-04-29,-1.1220735612366417,264.1502160923116,1.064415069729708,1.0568952955610755,0.0,1.0,0.0
2021-04-30,-1.92686390484255,262.22335218746906,1.064415069729708,1.055162455609725,0.0,1.0,0.0
2021-05-03,7.310313029751884,269.53366521722097,1.2192878795968813,1.2192878795968813,0.0,1.0,0.0
2021-05-04,-0.8995137092728803,268.6341515079481,1.2192878795968813,1.2241213384881489,0.0,1.0,0.0
2021-05-05,0.33782571518857357,268.97197722313666,1.2192878795968813,1.2671268856517512,0.0,1.0,0.0
2021-05-06,9.498724361118972,278.4707015842556,1.2192878795968813,1.2297498425676026,0.0,1.0,0.0
2021-05-07,16.093888190805867,294.56458977506145,1.101629829450458,1.101629829450458,0.0,1.0,0.0
2021-05-10,-3.4326015666751784,291.13198820838625,1.101629829450458,1.0992100251992758,0.0,1.0,0.0
2021-05-11,5.185672208954865,296.31766041734113,1.101629829450458,1.0876726782723576,0.0,1.0,0.0
2021-05-12,-2.8876721533789356,293.4299882639622,1.101629829450458,1.1601328385550227,0.0,1.0,0.0
2021-05-13,-5.4980868223794,287.9319014415828,1.225249260441128,1.225249260441128,0.0,1.0,0.0
2021-05-14,-4.236019189236787,283.695882252346,1.225249260441128,1.2426549363849608,0.0,1.0,0.0
2021-05-17,7.006807325722671,290.70268957806866,1.225249260441128,1.2714372137564185,0.0,1.0,0.0
2021-05-18,1.6784280753104681,292.38111765337914,1.225249260441128,1.2763075522911942,0.0,1.0,0.0
2021-05-19,-7.797056928763467,284.58406072461565,0.5,0.5,1.0,1.0,1.0
2021-05-20,-0.41324169854956067,284.1708190260661,0.5000037646111041,0.5,1.0,1.0,1.0
2021-05-21,-4.269593406073057,279.90122561999306,0.4868245977495519,0.5,1.0,1.0,1.0
2021-05-24,2.0916252647217646,281.9928508847148,0.5020470307880273,0.5,1.0,1.0,1.0
2021-05-25,-2.1592468712780493,279.83360401343674,1.1981094472620204,1.1981094472620204,0.0,1.0,0.0
2021-05-26,2.7351347993217585,282.5687388127585,1.1981094472620204,1.194682034718857,0.0,1.0,0.0
2021-05-27,6.696820723067969,289.26555953582647,0.5000000000000001,0.5,1.0,1.0,1.0
2021-05-28,1.7390529969340371,291.0046125327605,1.0733456877142131,1.0733456877142131,0.0,1.0,0.0
2021-06-01,-2.5893584679976147,288.4152540647629,1.0733456877142131,1.092691328823867,0.0,1.0,0.0
2021-06-02,-3.4375838241035783,284.97767024065934,0.5000000000000001,0.5,1.0,1.0,1.0
2021-06-03,-6.007931123284777,278.96973911737456,0.46388081394456926,0.5,1.0,1.0,1.0
2021-06-04,3.037796959235664,282.0075360766102,0.4830295612552312,0.5,1.0,1.0,1.0
2021-06-07,-0.36729759823326785,281.64023847837694,0.4998061603738827,0.5,1.0,1.0,1.0
2021-06-08,1.452905530663615,283.09314400904054,0.5048049197283753,0.5,1.0,1.0,1.0
2021-06-09,-1.270889164069577,281.822254844971,0.503563888441901,0.5,1.0,1.0,1.0
2021-06-10,-4.689111671902634,277.13314317306833,1.105844181504755,1.105844181504755,0.0,1.0,0.0
2021-06-11,2.5241675846379965,279.65731075770634,0.5000000000000001,0.5,1.0,1.0,1.0
2021-06-14,-0.5976021039298188,279.0597086537765,0.502051797740331,0.5,1.0,1.0,1.0
2021-06-15,-8.626630505514598,270.4330781482619,0.4310519104889894,0.5,1.0,1.0,1.0
2021-06-16,2.2438475273977265,272.6769256756597,0.44978918416697344,0.5,1.0,1.0,1.0
2021-06-17,-4.511159967065081,268.1657657085946,0.19999999999999996,0.2,1.0,1.0,1.0
2021-06-18,-0.47452407184323364,267.6912416367514,0.1878413878732773,0.2,1.0,1.0,1.0
2021-06-21,-0.38166221104807607,267.3095794257033,0.21591748319931514,0.2,1.0,1.0,1.0
2021-06-22,0.5842962237292217,267.8938756494325,0.24187414193676138,0.2,1.0,1.0,1.0
2021-06-23,1.9795094195001326,269.87338506893263,0.19999999999999996,0.2,1.0,1.0,1.0
2021-06-24,0.287974653291281,270.1613597222239,0.8166777011184421,0.8166777011184421,0.0,1.0,0.0
2021-06-25,-1.347477707798256,268.81388201442564,0.8166777011184421,0.8663257735411076,0.0,1.0,0.0
2021-06-28,-0.8791544435994522,267.93472757082617,0.8166777011184421,0.8665215905640988,0.0,1.0,0.0
2021-06-29,-1.382911883229908,266.5518156875963,0.8166777011184421,0.867242943000011,0.0,1.0,0.0
2021-06-30,2.033517634818622,268.5853333224149,0.8166777011184421,0.8766710719873297,0.0,1.0,0.0
2021-07-01,-4.885013204095654,263.70032011831927,0.923643778526678,0.923643778526678,0.0,1.0,0.0
2021-07-02,3.756893276715967,267.45721339503524,0.923643778526678,0.933193095299763,0.0,1.0,0.0
2021-07-06,-2.3522519328043097,265.1049614622309,0.923643778526678,0.9302875512755534,0.0,1.0,0.0
2021-07-07,6.589951839263364,271.69491330149424,0.923643778526678,0.9116925108818212,0.0,1.0,0.0
2021-07-08,-5.261566156249381,266.43334714524485,0.923643778526678,0.9006765412104939,0.0,1.0,0.0
2021-07-09,7.451252599926678,273.88459974517156,0.923643778526678,0.8825688663700088,0.0,1.0,0.0
2021-07-12,-2.7868053546509195,271.0977943905206,0.923643778526678,0.8886549264161913,0.0,1.0,0.0
2021-07-13,-0.8693234658685446,270.2284709246521,0.923643778526678,0.8887252464805452,0.0,1.0,0.0
2021-07-14,-4.094070128100166,266.1344007965519,1.053087678534537,1.053087678534537,0.0,1.0,0.0
2021-07-15,5.768890936202543,271.90329173275444,1.053087678534537,1.0500070377797681,0.0,1.0,0.0
2021-07-16,0.030717570000064143,271.9340093027545,1.5,1.5,0.0,1.0,0.0
2021-07-19,-6.183091086645172,265.7509182161093,0.5,0.5,1.0,1.0,1.0
2021-07-20,3.0926095962570996,268.8435278123664,0.5026047071992306,0.5,1.0,1.0,1.0
2021-07-21,0.42409000956294707,269.2676178219294,0.5035891422229705,0.5,1.0,1.0,1.0
2021-07-22,3.2681023973112824,272.53572021924066,0.5061497462157539,0.5,1.0,1.0,1.0
2021-07-23,2.9877778241046915,275.52349804334534,0.5064879514854234,0.5,1.0,1.0,1.0
2021-07-26,8.691187343744659,284.21468538709,0.5065035448815747,0.5,1.0,1.0,1.0
2021-07-27,-2.0526468656526355,282.16203852143735,0.5063093256267156,0.5,1.0,1.0,1.0
2021-07-28,-2.831580564310995,279.3304579571264,0.5058037307211143,0.5,1.0,1.0,1.0
2021-07-29,2.191707410567951,281.52216536769436,0.5062622096719678,0.5,1.0,1.0,1.0
2021-07-30,-2.212141778498557,279.3100235891958,0.5060843179893265,0.5,1.0,1.0,1.0
2021-08-02,-4.625834078584721,274.6841895106111,1.0435336708090044,1.0435336708090044,0.0,1.0,0.0
2021-08-03,-4.660543352483819,270.02364615812724,1.0435336708090044,1.0359156215635148,0.0,1.0,0.0
2021-08-04,-5.53139020172973,264.4922559563975,1.0435336708090044,1.0506750680843253,0.0,1.0,0.0
2021-08-05,1.3870163265702644,265.8792722829678,1.0435336708090044,1.070727695967825,0.0,1.0,0.0
2021-08-06,0.22531751529769412,266.1045897982655,1.0435336708090044,1.1170035881320315,0.0,1.0,0.0
2021-08-09,-6.029720126585473,260.07486967168006,1.0435336708090044,1.0990541751368157,0.0,1.0,0.0
2021-08-10,6.67325566423158,266.74812533591165,1.0435336708090044,1.0713956839938583,0.0,1.0,0.0
2021-08-11,1.3880456681831972,268.1361710040949,1.0435336708090044,1.0805576086888125,0.0,1.0,0.0
2021-08-12,-1.0642715023888984,267.07189950170596,1.0435336708090044,1.101138361156056,0.0,1.0,0.0
2021-08-13,3.221025427729337,270.2929249294353,1.0435336708090044,1.0944749797396272,0.0,1.0,0.0
2021-08-16,-3.2036878682183745,267.0892370612169,0.5,0.5,1.0,1.0,1.0
2021-08-17,-5.663954441806855,261.42528261941004,0.4753629885901868,0.5,1.0,1.0,1.0
2021-08-18,-3.786813998898861,257.63846862051116,0.4430886492250359,0.5,1.0,1.0,1.0
2021-08-19,-3.9838996517094234,253.65456896880173,0.5,0.5,1.0,1.0,1.0
2021-08-20,4.320857183617671,257.9754261524194,0.5359678169684985,0.5,1.0,1.0,1.0
2021-08-23,1.3621376403179637,259.33756379273734,0.19999999999999996,0.2,1.0,1.0,1.0
2021-08-24,0.7504401890980138,260.08800398183536,0.20667070181809433,0.25,1.0,0.0,1.0
2021-08-25,1.6159947212967072,261.7039987031321,1.1498160748139183,1.1498160748139183,0.0,0.0,0.0
2021-08-26,-2.025388701254605,259.6786100018775,1.1498160748139183,1.1616311287752976,0.0,0.0,0.0
2021-08-27,8.084099953105575,267.76270995498305,1.1498160748139183,1.1350608966668145,0.0,0.0,0.0
2021-08-30,5.065824501039608,272.8285344560227,1.1498160748139183,1.13460610060271,0.0,0.0,0.0
2021-08-31,-0.19401338751617997,272.6345210685065,1.1498160748139183,1.1500503135177274,0.0,0.0,0.0
2021-09-01,-10.81076698600809,261.8237540824984,1.1498160748139183,1.103184505352565,0.0,0.0,0.0
2021-09-02,3.0690269193344353,264.8927810018328,1.1498160748139183,1.0992316050583024,0.0,0.0,0.0
2021-09-03,3.4055244110181615,268.298305412851,1.1498160748139183,1.093008900736194,0.0,0.0,0.0
2021-09-07,-5.953047385898738,262.34525802695225,1.1498160748139183,1.097610948996628,0.0,0.0,0.0
2021-09-08,-1.4474690344245498,260.8977889925277,0.2500000000000001,0.25,1.0,0.0,1.0
2021-09-09,1.353173585498982,262.2509625780267,0.2552565894511374,0.25,1.0,0.0,1.0
2021-09-10,4.3694464826484385,266.6204090606751,0.25902544440537034,0.25,1.0,0.0,1.0
2021-09-13,-2.2000582775556143,264.4203507831195,0.2533569793877555,0.2,1.0,0.0,1.0
2021-09-14,-1.1753182188780429,263.24503256424146,0.25040339054419214,0.2,1.0,0.0,1.0
2021-09-15,2.122511929503441,265.3675444937449,0.26014500981281463,0.2,1.0,0.0,1.0
2021-09-16,-3.1505839247102543,262.21696056903465,0.24784144857496915,0.2,1.0,0.0,1.0
2021-09-17,-0.9551446318158457,261.2618159372188,0.246688687925953,0.25,1.0,0.0,1.0
2021-09-20,-3.075334655763516,258.18648128145526,0.2182935887562285,0.25,1.0,0.0,1.0
2021-09-21,0.07905311945235133,258.2655344009076,0.23020490624433076,0.25,1.0,0.0,1.0
2021-09-22,3.1477222150695563,261.41325661597716,0.24758625726136763,0.2,1.0,0.0,1.0
2021-09-23,-0.5272959051702657,260.8859607108069,0.2461760430939619,0.25,1.0,0.0,1.0
2021-09-24,1.3097211409076248,262.19568185171454,0.25323188967189614,0.25,1.0,0.0,1.0
2021-09-27,-0.021293463567594526,262.17438838814695,0.2582820552653594,0.25,1.0,0.0,1.0
2021-09-28,-1.1525041694867486,261.0218842186602,0.2556389583991673,0.25,1.0,0.0,1.0
2021-09-29,-1.1893734988293871,259.8325107198308,0.2511629273483743,0.25,1.0,0.0,1.0
2021-09-30,-2.7123197119845344,257.12019100784624,0.2294593966062004,0.25,1.0,0.0,1.0
2021-10-01,2.396047667594519,259.5162386754408,0.24808656047268096,0.25,1.0,0.0,1.0
2021-10-04,1.2558085754916977,260.7720472509325,0.2587023545426492,0.25,1.0,0.0,1.0
2021-10-05,-1.208658469883607,259.56338878104884,0.25617670848040863,0.25,1.0,0.0,1.0
2021-10-06,-1.1430662738676332,258.4203225071812,0.25305636152667865,0.25,1.0,0.0,1.0
2021-10-07,2.4848144596547037,260.9051369668359,0.26200454534077033,0.25,1.0,0.0,1.0
2021-10-08,0.8174786378670277,261.722615604703,0.266132104423789,0.25,1.0,0.0,1.0
2021-10-11,2.3857339509568054,264.1083495556598,0.2672685644365267,0.25,1.0,0.0,1.0
2021-10-12,-1.1064546820875107,263.00189487357227,0.2672598385802707,0.25,1.0,0.0,1.0
2021-10-13,4.782325471410192,267.7842203449825,0.2673443044289412,0.25,1.0,0.0,1.0
2021-10-14,3.0147761150760477,270.79899646005856,0.2673502381069669,0.25,1.0,0.0,1.0
2021-10-15,2.6371594245053456,273.4361558845639,0.26735034170021743,0.25,1.0,0.0,1.0
2021-10-18,-0.16843630952590974,273.267719575038,0.2673503446159017,0.25,1.0,0.0,1.0
2021-10-19,-0.6024134306978608,272.6653061443401,0.26735034461590446,0.25,1.0,0.0,1.0
2021-10-20,0.8553144650160279,273.5206206093561,0.26735034461590446,0.25,1.0,0.0,1.0
2021-10-21,-4.695897427698286,268.8247231816578,0.26735034461590446,0.25,1.0,0.0,0.0
2021-10-22,-1.4559962755523388,267.36872690610545,0.26735034461590446,0.25,1.0,0.0,0.0
2021-10-25,1.7447391549999907,269.11346606110544,0.5,0.5,1.0,1.0,0.0
2021-10-26,-1.9065940799999908,267.20687198110545,0.5,0.5,1.0,1.0,0.0
2021-10-27,-7.6927497973804115,259.514122183725,0.8006807485043729,0.8006807485043729,0.0,1.0,0.0
2021-10-28,3.471668726948552,262.9857909106736,0.8006807485043729,0.8349511366964849,0.0,1.0,0.0
2021-10-29,-5.7863721399246675,257.19941877074893,0.8006807485043729,0.8524259629322364,0.0,1.0,0.0
2021-11-01,1.7750485118198256,258.97446728256875,0.8006807485043729,0.8602469115772936,0.0,1.0,0.0
2021-11-02,-1.9657579352896757,257.0087093472791,0.8006807485043729,0.8659319864316237,0.0,1.0,0.0
2021-11-03,-3.2192658429487273,253.78944350433036,0.8006807485043729,0.8675027711325382,0.0,1.0,0.0
2021-11-04,-0.07257431472760868,253.71686918960276,0.9041768409385953,0.9041768409385953,0.0,1.0,0.0
2021-11-05,2.0783813937039595,255.7952505833067,0.9041768409385953,0.9062352908092142,0.0,1.0,0.0
2021-11-08,5.224316924045124,261.01956750735184,0.9041768409385953,0.9259792104916406,0.0,1.0,0.0
2021-11-09,-2.085738129110808,258.93382937824106,0.9041768409385953,0.93108790953068,0.0,1.0,0.0
2021-11-10,-5.119511439873047,253.81431793836802,1.0880957155573143,1.0880957155573143,0.0,1.0,0.0
2021-11-11,7.967322857031377,261.7816407953994,1.0880957155573143,1.1338461844673544,0.0,1.0,0.0
2021-11-12,6.09399708119926,267.87563787659866,1.1827832568264813,1.1827832568264813,0.0,1.0,0.0
2021-11-15,-5.124829282655672,262.75080859394296,1.1827832568264813,1.167369682513263,0.0,1.0,0.0
2021-11-16,-5.23047316490019,257.52033542904275,1.1827832568264813,1.1549104909930146,0.0,1.0,0.0
2021-11-17,-10.25956648044152,247.26076894860122,1.1827832568264813,1.1030071133950317,0.0,1.0,0.0
2021-11-18,4.553226704992452,251.81399565359368,1.3570468816481005,1.3570468816481005,0.0,1.0,0.0
2021-11-19,12.596449597808848,264.4104452514025,1.3570468816481005,1.285190795895295,0.0,1.0,0.0
2021-11-22,-0.12326614572278456,264.28717910567974,1.3570468816481005,1.2982648845618425,0.0,1.0,0.0
2021-11-23,3.5646537013333663,267.8518328070131,1.3570468816481005,1.3063786990611699,0.0,1.0,0.0
2021-11-24,2.29030518871913,270.14213799573224,0.4999999999999999,0.5,1.0,1.0,1.0
2021-11-26,-8.357194636061825,261.7849433596704,0.45064009271751626,0.5,1.0,1.0,1.0
2021-11-29,2.1844500602444743,263.9693934199149,0.4719610291741151,0.5,1.0,1.0,1.0
2021-11-30,-2.823096624694217,261.1462967952207,0.4540504689224514,0.5,1.0,1.0,1.0
2021-12-01,-1.4932164365505178,259.65308035867014,0.4443248492632388,0.5,1.0,1.0,1.0
2021-12-02,2.2823516534834685,261.9354320121536,0.46202285324115366,0.5,1.0,1.0,1.0
2021-12-03,-2.792484726509232,259.14294728564437,1.0749459008030007,1.0749459008030007,0.0,1.0,0.0
2021-12-06,7.312082711878852,266.45502999752324,1.0749459008030007,1.0481480934950727,0.0,1.0,0.0
2021-12-07,0.36392336469524955,266.8189533622185,1.0749459008030007,1.0690794149192577,0.0,1.0,0.0
2021-12-08,5.682408485091942,272.5013618473105,1.0749459008030007,1.0546954914535314,0.0,1.0,0.0
2021-12-09,-6.462640381074884,266.0387214662356,1.0749459008030007,1.0461704923616035,0.0,1.0,0.0
2021-12-10,-4.846308576299017,261.1924128899366,1.0749459008030007,1.0667318610955039,0.0,1.0,0.0
2021-12-13,-0.12306332179701648,261.06934956813956,1.0749459008030007,1.0837705019324333,0.0,1.0,0.0
2021-12-14,-2.99552328794976,258.0738262801898,1.0749459008030007,1.0906866148471617,0.0,0.0,0.0
2021-12-15,-8.009440309956998,250.0643859702328,1.0749459008030007,1.064172631207688,0.0,0.0,0.0
2021-12-16,3.003668213285628,253.06805418351843,0.2500000000000001,0.25,1.0,0.0,1.0
2021-12-17,-0.6406088075280928,252.42744537599035,1.0244869525029767,1.0244869525029767,0.0,0.0,0.0
2021-12-20,-0.22055276002942098,252.20689261596092,1.0244869525029767,1.0777292647294687,0.0,0.0,0.0
2021-12-21,5.2737532987415054,257.48064591470245,1.0244869525029767,1.060198851741433,0.0,0.0,0.0
2021-12-22,4.570901125678711,262.05154704038114,1.0244869525029767,1.0519907543919018,0.0,0.0,0.0
2021-12-23,0.12836464993403465,262.1799116903152,1.0244869525029767,1.064798999829702,0.0,0.0,0.0
2021-12-27,10.014945422107589,272.19485711242277,1.2833567735623888,1.2833567735623888,0.0,0.0,0.0
2021-12-28,-4.72428725673378,267.470569855689,1.2833567735623888,1.2976822244484838,0.0,0.0,0.0
2021-12-29,-2.716660862712866,264.75390899297616,1.2833567735623888,1.3387268413393738,0.0,0.0,0.0
2021-12-30,-2.3271365688039367,262.4267724241722,1.2833567735623888,1.3486708653642052,0.0,0.0,0.0
2021-12-31,8.87508450396538,271.30185692813757,1.2833567735623888,1.3234579492192489,0.0,0.0,0.0
2022-01-03,-5.109481389386499,266.1923755387511,1.2833567735623888,1.3174569039621156,0.0,1.0,0.0
2022-01-04,6.796953402024818,272.9893289407759,1.2833567735623888,1.3432041443880973,0.0,1.0,0.0
2022-01-05,-7.621307474170539,265.3680214666054,1.2833567735623888,1.301650406648191,0.0,1.0,0.0
2022-01-06,-7.4929983751331255,257.87502309147226,1.2833567735623888,1.2948803595937641,0.0,1.0,0.0
2022-01-07,7.105653067022959,264.9806761584952,1.2833567735623888,1.3016156153634333,0.0,1.0,0.0
2022-01-10,-2.9540856794695514,262.0265904790257,0.4999999999999999,0.5,1.0,1.0,1.0
2022-01-11,3.8360662887928805,265.8626567678186,0.5026396035101665,0.5,1.0,1.0,1.0
2022-01-12,7.360278166847279,273.22293493466583,0.503977966860439,0.5,1.0,1.0,1.0
2022-01-13,-1.5077803166372408,271.7151546180286,0.5042965506996179,0.5,1.0,1.0,1.0
2022-01-14,-2.513128155439318,269.2020264625893,0.19999999999999996,0.2,1.0,1.0,1.0
2022-01-18,-0.7551227143419595,268.44690374824734,0.19971400605913436,0.2,1.0,1.0,1.0
2022-01-19,1.7849731390997188,270.231876887347,0.20295138531603185,0.2,1.0,1.0,1.0
2022-01-20,2.246317615948003,272.478194503295,0.20522078945217892,0.2,1.0,1.0,1.0
2022-01-21,-1.1948080836896242,271.2833864196054,0.20396249406969647,0.2,1.0,1.0,1.0
2022-01-24,-5.470069495305546,265.81331692429984,0.5,0.5,1.0,1.0,1.0
2022-01-25,1.8036769431067312,267.61699386740656,0.5040018387358902,0.5,1.0,1.0,1.0
2022-01-26,3.275498004142459,270.892491871549,0.5064432415537914,0.5,1.0,1.0,1.0
2022-01-27,-4.665655180534159,266.22683669101485,0.5018198974324319,0.5,1.0,1.0,1.0
2022-01-28,-5.495445124678067,260.7313915663368,0.48787921860348227,0.5,1.0,1.0,1.0
2022-01-31,0.5847871238800725,261.3161786902169,0.49624848029199653,0.5,1.0,1.0,1.0
2022-02-01,5.358462248962769,266.67464093917965,0.5034314641024833,0.5,1.0,1.0,1.0
2022-02-02,3.0673750463372613,269.7420159855169,0.5064038642238945,0.5,1.0,1.0,1.0
2022-02-03,-1.1706142813535412,268.57140170416335,0.5065785811701022,0.5,1.0,1.0,1.0
2022-02-04,1.5228073377906282,270.094209041954,0.8769031701064564,0.8769031701064564,0.0,1.0,0.0
2022-02-07,-1.9271666857896608,268.16704235616436,0.8769031701064564,0.8862774681550073,0.0,1.0,0.0
2022-02-08,-0.875792978340652,267.2912493778237,0.5,0.5,1.0,1.0,1.0
2022-02-09,7.041745745482596,274.3329951233063,0.5171224156943031,0.5,1.0,1.0,1.0
2022-02-10,2.8310496410346513,277.164044764341,0.5295517162047333,0.5,1.0,1.0,1.0
2022-02-11,-7.505986458705672,269.65805830563534,0.5058774874494534,0.5,1.0,1.0,1.0
2022-02-14,-0.28693732487277845,269.37112098076256,0.5171294505964898,0.5,1.0,1.0,1.0
2022-02-15,1.4020554869563666,270.77317646771894,0.5221294777258275,0.5,1.0,1.0,1.0
2022-02-16,0.1875145121669654,270.9606909798859,0.5265751555132013,0.5,1.0,1.0,1.0
2022-02-17,-1.1753319321892175,269.78535904769666,0.9883788924718165,0.9883788924718165,0.0,1.0,0.0
2022-02-18,-0.24213587795757466,269.54322316973906,0.9883788924718165,1.0046404908123954,0.0,1.0,0.0
2022-02-22,-0.9255898324656158,268.61763333727345,1.0706608188221116,1.0706608188221116,0.0,1.0,0.0
2022-02-23,-2.962062576890934,265.6555707603825,1.0706608188221116,1.0742915722340174,0.0,1.0,0.0
2022-02-24,-2.917883299953814,262.7376874604287,1.0706608188221116,1.096416389561652,0.0,1.0,0.0
2022-02-25,2.867793141364143,265.6054806017928,1.1534310504550758,1.1534310504550758,0.0,1.0,0.0
2022-02-28,-3.703535002883848,261.901945598909,1.2601390696829833,1.2601390696829833,0.0,1.0,0.0
2022-03-01,7.144513980168749,269.04645957907775,0.5,0.5,1.0,1.0,1.0
2022-03-02,3.388274595187555,272.4347341742653,0.509601902298874,0.5,1.0,1.0,1.0
2022-03-03,5.658488718643445,278.0932228929088,0.5130006764196121,0.5,1.0,1.0,1.0
2022-03-04,7.805491943034626,285.8987148359434,0.5143201200084276,0.5,1.0,1.0,1.0
2022-03-07,-4.122491902436617,281.7762229335068,0.19999999999999996,0.2,1.0,1.0,1.0
2022-03-08,-0.4070842792930578,281.36913865421377,0.19924652753913352,0.2,1.0,1.0,1.0
2022-03-09,-2.4560078853244267,278.91313076888935,0.1717132517812764,0.2,1.0,1.0,1.0
2022-03-10,1.2596577462785192,280.17278851516784,0.19280098138297275,0.2,1.0,1.0,1.0
2022-03-11,-1.3104070171252449,278.86238149804257,0.5,0.5,1.0,1.0,1.0
2022-03-14,-5.170129664498931,273.69225183354365,0.49351284985238586,0.5,1.0,1.0,1.0
2022-03-15,-0.36396141050534125,273.3282904230383,0.887172366185056,0.887172366185056,0.0,1.0,0.0
2022-03-16,7.569469685675098,280.8977601087134,0.887172366185056,0.865852671700675,0.0,1.0,0.0
2022-03-17,8.754515718634002,289.6522758273474,0.887172366185056,0.8378346515857187,0.0,1.0,0.0
2022-03-18,3.323581710927696,292.9758575382751,0.887172366185056,0.8346034644324779,0.0,1.0,0.0
2022-03-21,-2.2206589527451683,290.7551985855299,0.887172366185056,0.8329779649088462,0.0,1.0,0.0
2022-03-22,-0.8914174238552107,289.8637811616747,0.887172366185056,0.8329256073870718,0.0,1.0,0.0
2022-03-23,6.680341760930118,296.5441229226048,0.887172366185056,0.820679560556564,0.0,1.0,0.0
2022-03-24,-2.873201313446672,293.67092160915814,0.887172366185056,0.8201690550645355,0.0,1.0,0.0
2022-03-25,-3.8379195530979593,289.8330020560602,0.887172366185056,0.8172338158960083,0.0,1.0,0.0
2022-03-28,2.4326565612750684,292.26565861733525,0.887172366185056,0.8177529724943987,0.0,1.0,0.0
2022-03-29,0.39552803827282285,292.66118665560805,0.887172366185056,0.8780889666700601,0.0,1.0,0.0
2022-03-30,1.8316874376405448,294.4928740932486,0.887172366185056,0.8918119631946347,0.0,1.0,0.0
2022-03-31,0.09963450473331968,294.5925085979819,0.887172366185056,0.9335353727461129,0.0,1.0,0.0
2022-04-01,-6.22611089352425,288.36639770445765,1.007158720365143,1.007158720365143,0.0,1.0,0.0
2022-04-04,10.898140123871734,299.26453782832937,1.1808078544291307,1.1808078544291307,0.0,1.0,0.0
2022-04-05,1.760627704905165,301.02516553323454,1.1808078544291307,1.1818888189056735,0.0,1.0,0.0
2022-04-06,-7.461498781097063,293.56366675213746,1.3259573722729323,1.3259573722729323,0.0,1.0,0.0
2022-04-07,-4.8468371138953525,288.71682963824213,1.3259573722729323,1.3812611226331386,0.0,1.0,0.0
2022-04-08,3.738727775504285,292.4555574137464,1.3259573722729323,1.3795160060083755,0.0,1.0,0.0
2022-04-11,-12.36500609923538,280.09055131451106,1.4134739533310752,1.4134739533310752,0.0,1.0,0.0
2022-04-12,11.085640900831871,291.17619221534295,1.4134739533310752,1.3408054082788967,0.0,1.0,0.0
2022-04-13,0.350664173426267,291.5268563887692,1.4134739533310752,1.4351016202328648,0.0,1.0,0.0
2022-04-14,1.5146958450000056,293.0415522337692,1.5,1.5,0.0,1.0,0.0
2022-04-18,12.11392003499995,305.15547226876913,1.5,1.5,0.0,1.0,0.0
2022-04-19,-12.20211839999996,292.95335386876917,1.5,1.4238252099074369,0.0,1.0,0.0
2022-04-20,-3.1984482072898555,289.7549056614793,0.4999999999999999,0.5,1.0,1.0,1.0
2022-04-21,2.4636175082894516,292.2185231697688,0.5024573706531468,0.5,1.0,1.0,1.0
2022-04-22,-5.880533469410527,286.33798970035826,0.49238032194693604,0.5,1.0,1.0,1.0
2022-04-25,-6.0960825903186,280.2419071100397,0.46138136428892573,0.5,1.0,1.0,1.0
2022-04-26,-0.38303137435439066,279.8588757356853,0.4617608413978488,0.5,1.0,1.0,1.0
2022-04-27,0.5168384788041999,280.37571421448945,0.4666510599794683,0.5,1.0,1.0,1.0
2022-04-28,-1.9470562393774977,278.42865797511195,0.45498215261306285,0.5,1.0,1.0,1.0
2022-04-29,-1.221774159887004,277.20688381522496,0.4471848320039453,0.5,1.0,1.0,1.0
2022-05-02,-7.363039664643285,269.8438441505817,0.5,0.5,1.0,1.0,1.0
2022-05-03,0.4004075397432161,270.2442516903249,0.5233702068672087,0.5,1.0,1.0,1.0
2022-05-04,2.9165662241473753,273.1608179144723,0.5561969845437479,0.5,1.0,1.0,1.0
2022-05-05,-3.1888201309823128,269.97199778349,1.0479491964961316,1.0479491964961316,0.0,1.0,0.0
2022-05-06,-1.4292106600017302,268.54278712348827,0.5,0.5,1.0,1.0,1.0
2022-05-09,-3.6346847648676475,264.9081023586206,0.4875178182412968,0.5,1.0,1.0,1.0
2022-05-10,-3.5820599016085506,261.3260424570121,1.0520648993976243,1.0520648993976243,0.0,0.0,0.0
2022-05-11,1.2080495672056621,262.5340920242177,0.2499999999999999,0.25,1.0,0.0,1.0
2022-05-12,-2.435174764096629,260.0989172601211,0.21935988058412692,0.25,1.0,0.0,1.0
2022-05-13,1.7408315061377533,261.8397487662588,0.2347890134526398,0.25,1.0,0.0,1.0
2022-05-16,0.24635955342327265,262.08610831968207,0.24520761854197126,0.25,1.0,0.0,1.0
2022-05-17,1.1483715120354376,263.2344798317175,0.25452847737870854,0.25,1.0,0.0,1.0
2022-05-18,-1.5503204764457972,261.68415935527173,0.24711019653658461,0.25,1.0,0.0,1.0
2022-05-19,10.04395142968696,271.7281107849587,0.9562999462505443,0.9562999462505443,0.0,0.0,0.0
2022-05-20,-0.6337230574341671,271.0943877275245,0.9562999462505443,1.0186609818372234,0.0,0.0,0.0
2022-05-23,7.566906048015159,278.66129377553966,1.082097538459395,1.082097538459395,0.0,0.0,0.0
2022-05-24,-4.197098209861717,274.4641955656779,1.082097538459395,1.07231456597518,0.0,0.0,0.0
2022-05-25,-5.290562393031377,269.17363317264653,1.082097538459395,1.0572995069793893,0.0,0.0,0.0
2022-05-26,0.5111040247205868,269.6847371973671,1.082097538459395,1.0677530009674494,0.0,0.0,0.0
2022-05-27,5.164481203184162,274.84921840055125,1.082097538459395,1.0570614137655818,0.0,0.0,0.0
2022-05-31,-1.2659766855039498,273.5832417150473,1.2093411012009139,1.2093411012009139,0.0,0.0,0.0
2022-06-01,0.7418047950523489,274.32504651009964,0.2499999999999999,0.25,1.0,0.0,1.0
2022-06-02,5.863640086428422,280.18868659652804,0.2510258894762507,0.25,1.0,0.0,1.0
2022-06-03,-1.9539804716962332,278.2347061248318,0.24484072200191886,0.2,1.0,0.0,1.0
2022-06-06,-0.9733351164225296,277.2613710084093,0.24380047941698169,0.2,1.0,0.0,1.0
2022-06-07,-0.02446790569531824,277.236903102714,0.2468580196343777,0.2,1.0,0.0,1.0
2022-06-08,0.35624031693789904,277.5931434196519,0.24940526463041313,0.2,1.0,0.0,1.0
2022-06-09,-1.7263734185799708,275.8667700010719,0.24341111963932582,0.25,1.0,0.0,1.0
2022-06-10,-2.0675560170140166,273.79921398405793,0.23627055524115292,0.25,1.0,0.0,1.0
2022-06-13,-2.0064999677764916,271.7927140162814,0.2245742456506319,0.25,1.0,0.0,1.0
2022-06-14,-1.1438653907590726,270.64884862552236,0.21104994317635561,0.25,1.0,0.0,1.0
2022-06-15,0.06661298171406269,270.7154616072364,0.21713540490109928,0.25,1.0,0.0,1.0
2022-06-16,-1.2334458692174601,269.48201573801896,0.201993340733035,0.25,1.0,0.0,1.0
2022-06-17,-2.705668020592134,266.7763477174268,0.25,0.25,1.0,0.0,1.0
2022-06-21,0.22390912058261603,267.0002568380094,0.27553931168027146,0.25,1.0,0.0,1.0
2022-06-22,-2.2852350149912795,264.71502182301816,0.2104984958250441,0.25,1.0,0.0,1.0
2022-06-23,-3.7817814276914525,260.9332403953267,0.25,0.25,1.0,0.0,1.0
2022-06-24,-0.4579217915760651,260.4753186037507,0.24988718896932227,0.25,1.0,0.0,1.0
2022-06-27,-1.0918940571833795,259.3834245465673,0.19999999999999996,0.2,1.0,0.0,1.0
2022-06-28,-0.3837284987958659,258.99969604777147,0.2231939193185335,0.25,1.0,0.0,1.0
2022-06-29,-0.3441664627327748,258.65552958503866,0.22810958360434297,0.25,1.0,0.0,1.0
2022-06-30,-0.6411230101341907,258.01440657490446,0.2500000000000001,0.25,1.0,0.0,1.0
2022-07-01,-6.369109102796807,251.64529747210764,0.25,0.25,1.0,0.0,1.0
2022-07-05,-8.257964799668514,243.38733267243913,0.25,0.25,1.0,0.0,1.0
2022-07-06,-0.38823135042239576,242.99910132201674,0.2292470357231121,0.25,1.0,0.0,1.0
2022-07-07,2.259975023334002,245.25907634535073,0.19999999999999996,0.2,1.0,0.0,1.0
2022-07-08,-2.086159380471373,243.17291696487936,0.20000000000000007,0.2,1.0,0.0,1.0
2022-07-11,-3.593533156910956,239.5793838079684,0.19999999999999996,0.2,1.0,0.0,1.0
2022-07-12,-2.262470349392533,237.31691345857587,0.13774900670295231,0.2,1.0,0.0,1.0
2022-07-13,0.4686804316086981,237.78559389018457,0.13584773137414696,0.2,1.0,0.0,1.0
2022-07-14,8.358542772481357,246.14413666266591,0.25,0.25,1.0,0.0,0.0
2022-07-15,0.6000313825000063,246.7441680451659,0.25,0.25,1.0,0.0,0.0
2022-07-18,2.8304221850000033,249.5745902301659,0.25,0.2,1.0,0.0,0.0
2022-07-19,-1.366811030000008,248.2077792001659,0.25,0.25,1.0,0.0,0.0
2022-07-20,0.8542106075000078,249.0619898076659,0.25,0.25,1.0,0.0,0.0
2022-07-21,-1.5631449821067478,247.49884482555916,0.5797332820416775,0.5797332820416775,0.0,0.0,0.0
2022-07-22,2.9533888376548223,250.45223366321397,0.5797332820416775,0.6363977087250231,0.0,0.0,0.0
2022-07-25,0.4213859073367352,250.87361957055072,0.5797332820416775,0.6362815514700585,0.0,0.0,0.0
2022-07-26,1.7676162729762415,252.64123584352697,0.5797332820416775,0.6349709699309622,0.0,0.0,0.0
2022-07-27,2.5919989595379875,255.23323480306496,0.5797332820416775,0.6309604254415768,0.0,0.0,0.0
2022-07-28,2.6383953213584483,257.8716301244234,0.5797332820416775,0.626620980191612,0.0,0.0,0.0
2022-07-29,5.596331320200269,263.46796144462365,0.5797332820416775,0.6169658193210419,0.0,0.0,0.0
2022-08-01,-1.7460585836248563,261.7219028609988,0.5797332820416775,0.6360304673943399,0.0,0.0,0.0
2022-08-02,-1.7618642620788667,259.96003859891994,0.7263569568828364,0.7263569568828364,0.0,0.0,0.0
2022-08-03,-3.6839484433969103,256.27609015552304,0.7263569568828364,0.7186291642513033,0.0,0.0,0.0
2022-08-04,1.3003122699814014,257.57640242550445,0.8174996705050446,0.8174996705050446,0.0,0.0,0.0
2022-08-05,5.838889519773323,263.4152919452778,0.8174996705050446,0.8060282682580063,0.0,0.0,0.0
2022-08-08,2.777292521681463,266.19258446695926,0.8174996705050446,0.8410983717105653,0.0,0.0,0.0
2022-08-09,-0.0242140507500039,266.16837041620926,0.9751619259140434,0.9751619259140434,0.0,0.0,0.0
2022-08-10,6.144510897775206,272.31288131398446,0.9751619259140434,0.9575937868532964,0.0,0.0,0.0
2022-08-11,5.508071154775569,277.82095246876,0.9751619259140434,1.051802434324553,0.0,0.0,0.0
2022-08-12,-3.6365108294033734,274.18444163935663,0.9751619259140434,1.0463914474292366,0.0,0.0,0.0
2022-08-15,-6.0656899431186915,268.11875169623795,1.1828908013178485,1.1828908013178485,0.0,0.0,0.0
2022-08-16,0.6340037061447189,268.75275540238266,1.1828908013178485,1.2304436478670182,0.0,0.0,0.0
2022-08-17,-4.802295201680129,263.95046020070254,1.1828908013178485,1.2266907981097552,0.0,0.0,0.0
2022-08-18,5.483271371427171,269.4337315721297,1.1828908013178485,1.2087539210004277,0.0,0.0,0.0
2022-08-19,4.098120532404832,273.53185210453455,1.1828908013178485,1.235325686004795,0.0,0.0,0.0
2022-08-22,-1.9490115455750177,271.58284055895956,1.1828908013178485,1.2323796662267872,0.0,0.0,0.0
2022-08-23,4.614036178880556,276.1968767378401,1.1828908013178485,1.2265381703003362,0.0,0.0,0.0
2022-08-24,-5.265271977982889,270.93160475985724,1.1828908013178485,1.2311279478143287,0.0,0.0,0.0
2022-08-25,5.867534063338472,276.79913882319573,1.1828908013178485,1.2294019247694743,0.0,0.0,0.0
2022-08-26,-0.02426764146611306,276.7748711817296,1.3992532823171169,1.3992532823171169,0.0,0.0,0.0
2022-08-29,-2.2580551665353266,274.5168160151943,0.25,0.25,1.0,0.0,1.0
2022-08-30,-1.452378238155088,273.06443777703925,0.24143293802491694,0.25,1.0,0.0,1.0
2022-08-31,-0.8497562996402623,272.214681477399,0.23803626627849228,0.25,1.0,0.0,1.0
2022-09-01,-2.115041278036342,270.0996401993626,0.17813384951765898,0.25,1.0,0.0,1.0
2022-09-02,-0.0997054687951642,269.9999347305675,0.19338643845839865,0.25,1.0,0.0,1.0
2022-09-06,0.9342193404430796,270.93415407101054,0.21939904880071948,0.25,1.0,0.0,1.0
2022-09-07,-0.6905790404200319,270.24357503059053,0.20764932092396327,0.25,1.0,0.0,1.0
2022-09-08,2.2233688526827593,272.4669438832733,0.2324527881184144,0.25,1.0,0.0,1.0
2022-09-09,4.4994443352903515,276.9663882185637,1.0763857346594197,1.0763857346594197,0.0,0.0,0.0
2022-09-12,4.497478208831409,281.4638664273951,1.0763857346594197,1.0721652501653494,0.0,0.0,0.0
2022-09-13,-5.830810016580469,275.6330564108146,1.0763857346594197,1.0682799278968342,0.0,0.0,0.0
2022-09-14,-3.8808832452087216,271.7521731656059,1.0763857346594197,1.0559850473241275,0.0,0.0,0.0
2022-09-15,-3.321826028950298,268.4303471366556,1.0763857346594197,1.0618365501025453,0.0,0.0,0.0
2022-09-16,2.7854409837535097,271.2157881204091,1.0763857346594197,1.075369925346804,0.0,0.0,0.0
2022-09-19,-0.2955803557094269,270.9202077646997,1.0763857346594197,1.0867498305594645,0.0,0.0,0.0
2022-09-20,-0.9856329301144001,269.9345748345853,1.0763857346594197,1.0884909450032114,0.0,0.0,0.0
2022-09-21,-3.8799998231447286,266.0545750114406,1.0763857346594197,1.0892288835041315,0.0,0.0,0.0
2022-09-22,-0.04872580326841992,266.00584920817215,0.25,0.25,1.0,0.0,1.0
2022-09-23,-2.646002109387113,263.35984709878505,0.19616414810850524,0.25,1.0,0.0,1.0
2022-09-26,-0.9753138175188631,262.3845332812662,0.17313660639703987,0.25,1.0,0.0,1.0
2022-09-27,-0.4791483804318911,261.90538490083435,0.17995995315169266,0.25,1.0,0.0,1.0
2022-09-28,1.48429720043677,263.3896821012711,0.21365276734510896,0.25,1.0,0.0,1.0
2022-09-29,1.3207056908193873,264.7103877920905,0.2317081889779674,0.25,1.0,0.0,1.0
2022-09-30,-0.5204449898537774,264.1899428022367,1.074127092870637,1.074127092870637,0.0,0.0,0.0
2022-10-03,-0.19064096372098657,263.99930183851575,1.074127092870637,1.0744965481845576,0.0,0.0,0.0
2022-10-04,8.49209517704317,272.4913970155589,1.074127092870637,1.0356859493133908,0.0,0.0,0.0
2022-10-05,1.2372168685197351,273.72861388407864,1.074127092870637,1.0440105811717468,0.0,0.0,0.0
2022-10-06,-5.842673494099013,267.8859403899796,1.074127092870637,1.1084542820976744,0.0,0.0,0.0
2022-10-07,-1.765948832558796,266.1199915574208,0.2499999999999999,0.25,1.0,0.0,1.0
2022-10-10,1.0812040243699772,267.2011955817908,0.2579512545289254,0.25,1.0,0.0,1.0
2022-10-11,3.6119162701887664,270.81311185197956,1.0998937838239955,1.0998937838239955,0.0,0.0,0.0
2022-10-12,-4.130032755864688,266.68307909611485,1.0998937838239955,1.0978347001258828,0.0,0.0,0.0
2022-10-13,1.6623956773059831,268.34547477342085,1.0998937838239955,1.1056774662670132,0.0,0.0,0.0
2022-10-14,-2.003020254366102,266.34245451905474,1.0998937838239955,1.1092899624596682,0.0,0.0,0.0
2022-10-17,-0.645569303704934,265.6968852153498,1.0998937838239955,1.1089670678626304,0.0,0.0,0.0
2022-10-18,-5.66045910738043,260.0364261079694,1.0998937838239955,1.0793262672381814,0.0,0.0,0.0
2022-10-19,-1.3234962815870135,258.7129298263824,0.25,0.25,1.0,0.0,1.0
2022-10-20,2.402050071418572,261.11497989780094,0.25739335818684084,0.25,1.0,0.0,1.0
2022-10-21,1.5259086322246591,262.6408885300256,0.2674248510073661,0.25,1.0,0.0,1.0
2022-10-24,-1.1359136004111536,261.5049749296145,0.26701555548512557,0.25,1.0,0.0,1.0
2022-10-25,-0.8841839980388242,260.62079093157564,0.2654886928982053,0.25,1.0,0.0,1.0
2022-10-26,3.8847205273690593,264.5055114589447,0.26774793549522824,0.2,1.0,0.0,1.0
2022-10-27,-0.6527578755064983,263.8527535834382,0.2678795796194926,0.2,1.0,0.0,1.0
2022-10-28,-2.378952029305057,261.4738015541331,0.2614716729200123,0.2,1.0,0.0,1.0
2022-10-31,-1.4438630786399813,260.0299384754931,0.2571662518397916,0.2,1.0,0.0,1.0
2022-11-01,2.584772907253945,262.61471138274703,0.2649073010772558,0.2,1.0,0.0,1.0
2022-11-02,-0.0900526485249058,262.5246587342221,0.26534943994012483,0.25,1.0,0.0,1.0
2022-11-03,-1.0633831657884019,261.4612755684337,0.26405286545063666,0.25,1.0,0.0,1.0
2022-11-04,6.96229010749307,268.42356567592674,0.2656232984173671,0.2,1.0,0.0,1.0
2022-11-07,-2.084289271593282,266.3392764043335,0.263928523412738,0.2,1.0,0.0,1.0
2022-11-08,2.04718361278327,268.38646001711675,0.26694892746435905,0.2,1.0,0.0,1.0
2022-11-09,0.3998490586340931,268.78630907575086,0.2678909066640295,0.2,1.0,0.0,1.0
2022-11-10,1.5194544133762131,270.30576348912706,0.2689972179802964,0.2,1.0,0.0,1.0
2022-11-11,4.127507871225655,274.4332713603527,0.26981437573007927,0.25,1.0,0.0,1.0
2022-11-14,-2.0378626201939256,272.39540874015876,0.26979252342903504,0.25,1.0,0.0,1.0
2022-11-15,-0.25763806684287616,272.13777067331586,0.26993300546143784,0.25,1.0,0.0,1.0
2022-11-16,-1.2376108289649235,270.9001598443509,0.2698742779394665,0.25,1.0,0.0,1.0
2022-11-17,-2.1520862976351696,268.7480735467158,0.2696500108104056,0.25,1.0,0.0,1.0
2022-11-18,-1.4217324451921045,267.32634110152367,0.2694957205035504,0.25,1.0,0.0,1.0
2022-11-21,-3.2140392513059424,264.1123018502177,0.5,0.5,1.0,1.0,1.0
2022-11-22,2.3692512914727217,266.4815531416904,0.6103640212075561,0.6103640212075561,0.0,1.0,0.0
2022-11-23,0.23940555811614403,266.72095869980654,0.6103640212075561,0.6544313034099735,0.0,1.0,0.0
2022-11-25,0.697160177650225,267.4181188774568,0.6103640212075561,0.6554730706067797,0.0,1.0,0.0
2022-11-28,-0.9882446836998391,266.4298741937569,0.6103640212075561,0.6748990540320019,0.0,1.0,0.0
2022-11-29,1.4993895287736592,267.92926372253055,0.6103640212075561,0.6816524176404091,0.0,1.0,0.0
2022-11-30,5.995886340247792,273.92515006277836,0.6103640212075561,0.6853785140643838,0.0,1.0,0.0
2022-12-01,4.89684981987746,278.8219998826558,0.6103640212075561,0.6712120298044807,0.0,1.0,0.0
2022-12-02,1.9953468201877964,280.8173467028436,0.6103640212075561,0.6730544892318271,0.0,1.0,0.0
2022-12-05,-4.958602702380882,275.85874400046276,0.9180909380781753,0.9180909380781753,0.0,1.0,0.0
2022-12-06,2.149315042235728,278.0080590426985,0.9180909380781753,0.9525082232947738,0.0,1.0,0.0
2022-12-07,3.8320922680858827,281.8401513107844,0.9180909380781753,0.9824681491020023,0.0,1.0,0.0
2022-12-08,1.995467862916483,283.8356191737009,0.9180909380781753,0.9810762367263292,0.0,1.0,0.0
2022-12-09,-0.3841197101933061,283.45149946350756,1.0037574302089192,1.0037574302089192,0.0,1.0,0.0
2022-12-12,-8.875931600413047,274.57556786309453,1.1536938722940437,1.1536938722940437,0.0,1.0,0.0
2022-12-13,4.665137145547277,279.24070500864184,1.1536938722940437,1.1976285389362662,0.0,1.0,0.0
2022-12-14,4.154123765869281,283.3948287745111,1.1536938722940437,1.1838688212565407,0.0,1.0,0.0
2022-12-15,-13.043516747142808,270.3513120273683,1.1536938722940437,1.0779430519531858,0.0,1.0,0.0
2022-12-16,-0.19965077406602819,270.1516612533023,1.1536938722940437,1.140486927193277,0.0,1.0,0.0
2022-12-19,2.4148767566012173,272.5665380099035,1.1536938722940437,1.1676353334734075,0.0,1.0,0.0
2022-12-20,1.867424140557709,274.43396215046124,1.1536938722940437,1.2186186408315003,0.0,1.0,0.0
2022-12-21,1.2047532257635032,275.63871537622475,1.2391826900147047,1.2391826900147047,0.0,1.0,0.0
2022-12-22,-6.44622467308387,269.1924907031409,1.2391826900147047,1.2046591560251363,0.0,1.0,0.0
2022-12-23,6.374301741462167,275.56679244460304,1.2391826900147047,1.1749761479025764,0.0,1.0,0.0
2022-12-27,3.9820383807566486,279.5488308253597,1.2391826900147047,1.1667933520287546,0.0,1.0,0.0
2022-12-28,0.3568884933660458,279.90571931872574,1.2391826900147047,1.1741205091917084,0.0,1.0,0.0
2022-12-29,-2.407816441782554,277.4979028769432,1.2391826900147047,1.3046727438951997,0.0,1.0,0.0
2022-12-30,-1.901895034846484,275.59600784209675,1.4156260235172087,1.4156260235172087,0.0,1.0,0.0
