Date,pnl,cum,delta,target_delta,stress,trend,tail_active
2020-03-31,7.146459010000001,7.146459010000001,1.0,1.0,0.0,1.0,0.0
2020-04-01,-5.2707360899999856,1.8757229200000154,1.0,1.0,0.0,1.0,0.0
2020-04-02,4.332934389999991,6.208657310000007,1.0,1.0,0.0,1.0,0.0
2020-04-03,-2.670040840000013,3.538616469999994,1.0,1.0,0.0,1.0,0.0
2020-04-06,2.5253967700000146,6.064013240000008,1.0,1.0,0.0,1.0,0.0
2020-04-07,5.672150119999998,11.736163360000006,1.0,1.0,0.0,1.0,0.0
2020-04-08,-0.8337919200000101,10.902371439999996,1.0,1.0,0.0,1.0,0.0
2020-04-09,0.22581007000002273,11.128181510000019,1.0,1.0,0.0,1.0,0.0
2020-04-13,4.55884850999999,15.687030020000009,1.0,1.0,0.0,1.0,0.0
2020-04-14,2.493791950000002,18.18082197000001,1.0,1.0,0.0,1.0,0.0
2020-04-15,-3.414294549999994,14.766527420000017,1.0,1.0,0.0,1.0,0.0
2020-04-16,-0.30983914000000823,14.456688280000009,1.0,1.0,0.0,1.0,0.0
2020-04-17,5.234031619999996,19.690719900000005,1.0,1.0,0.0,1.0,0.0
2020-04-20,-2.0019293899999866,17.68879051000002,1.0,1.0,0.0,1.0,0.0
2020-04-21,-7.358055129999997,10.330735380000021,1.0,1.0,0.0,1.0,0.0
2020-04-22,4.709163709999984,15.039899090000006,1.0,1.0,0.0,1.0,0.0
2020-04-23,1.163905470000003,16.20380456000001,1.0,1.0,0.0,1.0,0.0
2020-04-24,1.9252678000000003,18.12907236000001,1.0,1.0,0.0,1.0,0.0
2020-04-27,0.8341933600000004,18.96326572000001,1.0,1.0,0.0,1.0,0.0
2020-04-28,0.06534224000000677,19.028607960000016,1.0,1.0,0.0,1.0,0.0
2020-04-29,2.46028622999998,21.488894189999996,1.0,1.0,0.0,1.0,0.0
2020-04-30,-2.6507086499999843,18.838185540000012,1.0,1.0,0.0,1.0,0.0
2020-05-01,-3.224467709999999,15.613717830000013,1.0,1.0,0.0,1.0,0.0
2020-05-04,0.16805945999999494,15.781777290000008,1.0,1.0,0.0,1.0,0.0
2020-05-05,2.053518359999998,17.835295650000006,1.0,1.0,0.0,1.0,0.0
2020-05-06,1.5275002699999902,19.362795919999996,1.0,1.0,0.0,1.0,0.0
2020-05-07,3.2084752200000253,22.57127114000002,1.0,1.0,0.0,1.0,0.0
2020-05-08,2.618692379999999,25.18996352000002,1.0,1.0,0.0,1.0,0.0
2020-05-11,-2.638070030000023,22.551893489999998,1.0,1.0,0.0,1.0,0.0
2020-05-12,-2.074817799999977,20.47707569000002,1.0,1.0,0.0,1.0,0.0
2020-05-13,-1.253238390000007,19.223837300000014,1.0,1.0,0.0,1.0,0.0
2020-05-14,-0.04658012000001577,19.177257179999998,1.0,1.0,0.0,1.0,0.0
2020-05-15,-1.5519078399999842,17.625349340000014,1.0,1.0,0.0,1.0,0.0
2020-05-18,7.330369259999998,24.95571860000001,1.0,1.0,0.0,1.0,0.0
2020-05-19,1.483595930000007,26.43931453000002,1.0,1.0,0.0,1.0,0.0
2020-05-20,4.172500169999978,30.611814699999996,1.0,1.0,0.0,1.0,0.0
2020-05-21,-2.7073200499999928,27.904494650000004,1.0,1.0,0.0,1.0,0.0
2020-05-22,-4.54175484999999,23.362739800000014,1.0,1.0,0.0,1.0,0.0
2020-05-26,3.206644649999987,26.56938445,1.0,1.0,0.0,1.0,0.0
2020-05-27,-3.5376151499999935,23.031769300000008,1.0,1.0,0.0,1.0,0.0
2020-05-28,3.1092373200000054,26.141006620000013,1.0,1.0,0.0,1.0,0.0
2020-05-29,1.1796402399999977,27.32064686000001,1.0,1.0,0.0,1.0,0.0
2020-06-01,4.446003740000009,31.76665060000002,1.0,1.0,0.0,1.0,0.0
2020-06-02,2.07942620999998,33.84607681,1.0,1.0,0.0,1.0,0.0
2020-06-03,-0.36311895999998,33.48295785000002,1.0,1.0,0.0,1.0,0.0
2020-06-04,0.23748228999997423,33.720440139999994,1.0,1.0,0.0,1.0,0.0
2020-06-05,6.728633379999991,40.449073519999985,1.0,1.0,0.0,1.0,0.0
2020-06-08,1.2364863800000307,41.685559900000015,1.0,1.0,0.0,1.0,0.0
2020-06-09,3.3969876099999965,45.08254751000001,1.0,1.0,0.0,1.0,0.0
2020-06-10,5.8659690800000135,50.948516590000025,1.0,1.0,0.0,1.0,0.0
2020-06-11,-6.853922510000018,44.09459408000001,1.0,1.0,0.0,1.0,0.0
2020-06-12,1.6815537300000187,45.776147810000026,1.0,1.0,0.0,1.0,0.0
2020-06-15,-3.0541865100000223,42.721961300000004,1.0,1.0,0.0,1.0,0.0
2020-06-16,0.07674501999997574,42.79870631999998,1.0,1.0,0.0,1.0,0.0
2020-06-17,2.264066650000018,45.06277297,1.0,1.0,0.0,1.0,0.0
2020-06-18,0.08007014999998319,45.14284311999998,1.0,1.0,0.0,1.0,0.0
2020-06-19,1.8900072100000216,47.03285033,1.0,1.0,0.0,1.0,0.0
2020-06-22,3.576187300000015,50.60903763000002,1.0,1.0,0.0,1.0,0.0
2020-06-23,0.7101485800000091,51.31918621000003,1.0,1.0,0.0,1.0,0.0
2020-06-24,-0.9551023900000359,50.36408381999999,1.0,1.0,0.0,1.0,0.0
2020-06-25,1.9874961700000426,52.35157999000003,1.0,1.0,0.0,1.0,0.0
2020-06-26,0.08611161999999695,52.43769161000003,1.0,1.0,0.0,1.0,0.0
2020-06-29,1.397971439999992,53.83566305000002,1.0,1.0,0.0,1.0,0.0
2020-06-30,3.571039409999969,57.40670245999999,1.0,1.0,0.0,1.0,0.0
2020-07-01,0.6687051700000097,58.07540763,1.0,1.0,0.0,1.0,0.0
2020-07-02,1.397164920000023,59.472572550000024,1.0,1.0,0.0,1.0,0.0
2020-07-06,2.41908970999998,61.891662260000004,1.0,1.0,0.0,1.0,0.0
2020-07-07,2.354883319999999,64.24654558,1.0,1.0,0.0,1.0,0.0
2020-07-08,2.6673315900000034,66.91387717,1.0,1.0,0.0,1.0,0.0
2020-07-09,1.6532362199999966,68.56711339,1.0,1.0,0.0,1.0,0.0
2020-07-10,5.853106580000031,74.42021997000003,1.0,1.0,0.0,1.0,0.0
2020-07-13,5.813974489999964,80.23419446,1.0,1.0,0.0,1.0,0.0
2020-07-14,-2.0988278799999875,78.13536658000001,1.0,1.0,0.0,1.0,0.0
2020-07-15,-4.778347999999994,73.35701858000002,1.0,1.0,0.0,1.0,0.0
2020-07-16,1.5377869499999974,74.89480553000001,1.0,1.0,0.0,1.0,0.0
2020-07-17,0.33040693999998894,75.22521247,1.0,1.0,0.0,1.0,0.0
2020-07-20,1.1574186999999938,76.38263117,1.0,1.0,0.0,1.0,0.0
2020-07-21,4.274059450000038,80.65669062000003,1.0,1.0,0.0,1.0,0.0
2020-07-22,-3.3233728200000314,77.3333178,1.0,1.0,0.0,1.0,0.0
2020-07-23,1.2758901000000265,78.60920790000003,1.0,1.0,0.0,1.0,0.0
2020-07-24,-4.49865724,74.11055066000003,1.0,1.0,0.0,1.0,0.0
2020-07-27,0.6659967699999925,74.77654743000002,1.0,1.0,0.0,1.0,0.0
2020-07-28,1.9854910399999994,76.76203847000002,1.0,1.0,0.0,1.0,0.0
2020-07-29,0.1346905699999752,76.89672904,1.0,1.0,0.0,1.0,0.0
2020-07-30,-0.40627732999996624,76.49045171000003,1.0,1.0,0.0,1.0,0.0
2020-07-31,-4.351857990000042,72.13859371999999,1.0,1.0,0.0,1.0,0.0
2020-08-03,4.449690099999998,76.58828381999999,1.0,1.0,0.0,1.0,0.0
2020-08-04,-1.621311999999989,74.96697182,1.0,1.0,0.0,1.0,0.0
2020-08-05,2.2524547799999937,77.21942659999999,1.0,1.0,0.0,1.0,0.0
2020-08-06,-0.46295741000000135,76.75646918999999,1.0,1.0,0.0,1.0,0.0
2020-08-07,-11.739473489999966,65.01699570000002,1.0,1.0,0.0,1.0,0.0
2020-08-10,6.914550449999979,71.93154615,1.0,1.0,0.0,1.0,0.0
2020-08-11,1.4212879899999962,73.35283414,1.0,1.0,0.0,1.0,0.0
2020-08-12,1.6141446299999984,74.96697877,1.0,1.0,0.0,1.0,0.0
2020-08-13,-8.001330959999962,66.96564781000004,1.0,1.0,0.0,1.0,0.0
2020-08-14,5.087229469999954,72.05287727999999,1.0,1.0,0.0,1.0,0.0
2020-08-17,4.116521330000012,76.16939861,1.0,1.0,0.0,1.0,0.0
2020-08-18,6.860658360000002,83.03005697,1.0,1.0,0.0,1.0,0.0
2020-08-19,4.681860700000016,87.71191767000002,1.0,1.0,0.0,1.0,0.0
2020-08-20,-4.539487090000023,83.17243058,1.0,1.0,0.0,1.0,0.0
2020-08-21,-5.588505829999974,77.58392475000002,1.0,1.0,0.0,1.0,0.0
2020-08-24,1.2423359499999833,78.8262607,1.0,1.0,0.0,1.0,0.0
2020-08-25,0.7996284000000173,79.62588910000002,1.0,1.0,0.0,1.0,0.0
2020-08-26,2.86374816,82.48963726000002,1.0,1.0,0.0,1.0,0.0
2020-08-27,0.9015738699999929,83.39121113000002,1.0,1.0,0.0,1.0,0.0
2020-08-28,2.8687591500000167,86.25997028000003,1.0,1.0,0.0,1.0,0.0
2020-08-31,4.3147105499999725,90.57468083,1.0,1.0,0.0,1.0,0.0
2020-09-01,-3.2843427399999996,87.29033809,1.0,1.0,0.0,1.0,0.0
2020-09-02,-0.7215506200000164,86.56878746999999,1.0,1.0,0.0,1.0,0.0
2020-09-03,-4.510720149999997,82.05806731999999,1.0,1.0,0.0,1.0,0.0
2020-09-04,8.581494960000043,90.63956228000004,1.0,1.0,0.0,1.0,0.0
2020-09-08,-3.5990128400000003,87.04054944000004,1.0,1.0,0.0,1.0,0.0
2020-09-09,2.6548098699999514,89.69535930999999,1.0,1.0,0.0,1.0,0.0
2020-09-10,-5.302278949999959,84.39308036000003,1.0,1.0,0.0,1.0,0.0
2020-09-11,4.064610029999983,88.45769039000001,1.0,1.0,0.0,1.0,0.0
2020-09-14,2.8779457499999808,91.33563613999999,1.0,1.0,0.0,1.0,0.0
2020-09-15,-0.515248310000004,90.82038782999999,1.0,1.0,0.0,1.0,0.0
2020-09-16,-0.23159372999998595,90.5887941,1.0,1.0,0.0,1.0,0.0
2020-09-17,0.944460040000024,91.53325414000003,1.0,1.0,0.0,1.0,0.0
2020-09-18,4.123141019999991,95.65639516000002,1.0,1.0,0.0,1.0,0.0
2020-09-21,-8.550070730000016,87.10632443,1.0,1.0,0.0,1.0,0.0
2020-09-22,2.901954670000009,90.00827910000001,1.0,1.0,0.0,1.0,0.0
2020-09-23,-6.532357709999985,83.47592139000002,1.0,1.0,0.0,1.0,0.0
2020-09-24,-2.542213600000025,80.93370779,1.0,1.0,0.0,1.0,0.0
2020-09-25,0.2794868700000279,81.21319466000003,1.0,1.0,0.0,1.0,0.0
2020-09-28,1.963702929999954,83.17689758999998,1.0,1.0,0.0,1.0,0.0
2020-09-29,-0.028041049999956158,83.14885654000003,1.0,1.0,0.0,1.0,0.0
2020-09-30,4.305347059999974,87.4542036,1.0,1.0,0.0,1.0,0.0
2020-10-01,-16.55554754000002,70.89865605999998,1.0,1.0,0.0,1.0,0.0
2020-10-02,11.134538600000042,82.03319466000002,1.0,1.0,0.0,1.0,0.0
2020-10-05,-1.3868033500000365,80.64639130999998,1.0,1.0,0.0,1.0,0.0
2020-10-06,0.07355979000004709,80.71995110000003,1.0,1.0,0.0,1.0,0.0
2020-10-07,6.800113829999987,87.52006493000002,1.0,1.0,0.0,1.0,0.0
2020-10-08,0.6597700499999632,88.17983497999998,1.0,1.0,0.0,1.0,0.0
2020-10-09,3.90438204000003,92.08421702000001,1.0,1.0,0.0,1.0,0.0
2020-10-12,-1.570261500000015,90.51395552,1.0,1.0,0.0,1.0,0.0
2020-10-13,-1.8380492100000083,88.67590630999999,1.0,1.0,0.0,1.0,0.0
2020-10-14,0.6938952200000017,89.36980152999999,1.0,1.0,0.0,1.0,0.0
2020-10-15,3.321937680000019,92.69173921000001,1.0,1.0,0.0,1.0,0.0
2020-10-16,-1.9177839899999753,90.77395522000003,1.0,1.0,0.0,1.0,0.0
2020-10-19,1.7436856999999577,92.51764091999999,1.0,1.0,0.0,1.0,0.0
2020-10-20,6.031442400000003,98.54908332,1.0,1.0,0.0,1.0,0.0
2020-10-21,4.969259669999985,103.51834298999998,1.0,1.0,0.0,1.0,0.0
2020-10-22,-4.29233918999995,99.22600380000003,1.0,1.0,0.0,1.0,0.0
2020-10-23,-2.409636790000036,96.81636701,1.0,1.0,0.0,1.0,0.0
2020-10-26,-3.9144513699999948,92.90191564,1.0,1.0,0.0,1.0,0.0
2020-10-27,0.5524683600000344,93.45438400000003,1.0,1.0,0.0,1.0,0.0
2020-10-28,-2.9449790099999973,90.50940499000004,1.0,1.0,0.0,1.0,0.0
2020-10-29,-0.7208372000000054,89.78856779000003,1.0,1.0,0.0,1.0,0.0
2020-10-30,-0.855710790000046,88.93285699999998,1.0,1.0,0.0,1.0,0.0
2020-11-02,2.9626177300000336,91.89547473000002,1.0,1.0,0.0,1.0,0.0
2020-11-03,1.232156190000012,93.12763092000003,1.0,1.0,0.0,1.0,0.0
2020-11-04,1.5349658799999588,94.66259679999999,1.0,1.0,0.0,1.0,0.0
2020-11-05,0.5155930500000068,95.17818985,1.0,1.0,0.0,1.0,0.0
2020-11-06,4.469710969999994,99.64790081999999,1.0,1.0,0.0,1.0,0.0
2020-11-09,0.2551005600000167,99.90300138,1.0,1.0,0.0,1.0,0.0
2020-11-10,0.07494877999999972,99.97795016,1.0,1.0,0.0,1.0,0.0
2020-11-11,-2.127913729999989,97.85003643000002,1.0,1.0,0.0,1.0,0.0
2020-11-12,1.1077196699999945,98.95775610000001,1.0,1.0,0.0,1.0,0.0
2020-11-13,3.2797873100000174,102.23754341000003,1.0,1.0,0.0,1.0,0.0
2020-11-16,4.484544939999978,106.72208835,1.0,1.0,0.0,1.0,0.0
2020-11-17,-2.0481839099999775,104.67390444000003,1.0,1.0,0.0,1.0,0.0
2020-11-18,0.25262197999995806,104.92652641999999,1.0,1.0,0.0,1.0,0.0
2020-11-19,0.7178290900000093,105.64435551,1.0,1.0,0.0,1.0,0.0
2020-11-20,8.920184320000033,114.56453983000003,1.0,1.0,0.0,1.0,0.0
2020-11-23,-3.0019964600000435,111.56254336999999,1.0,1.0,0.0,1.0,0.0
2020-11-24,4.259221679999996,115.82176504999998,1.0,1.0,0.0,1.0,0.0
2020-11-25,1.183481380000046,117.00524643000003,1.0,1.0,0.0,1.0,0.0
2020-11-27,8.669088319999958,125.67433474999999,1.0,1.0,0.0,1.0,0.0
2020-11-30,2.097479920000012,127.77181467,1.0,1.0,0.0,1.0,0.0
2020-12-01,4.717816860000028,132.48963153000003,1.0,1.0,0.0,1.0,0.0
2020-12-02,0.33396827999996503,132.82359981,1.0,1.0,0.0,1.0,0.0
2020-12-03,0.1768450600000051,133.00044487,1.0,1.0,0.0,1.0,0.0
2020-12-04,3.431348890000038,136.43179376000003,1.0,1.0,0.0,1.0,0.0
2020-12-07,-0.7284774800000378,135.70331628,1.0,1.0,0.0,1.0,0.0
2020-12-08,-1.7270753099999752,133.97624097000002,1.0,1.0,0.0,1.0,0.0
2020-12-09,1.4272075199999676,135.40344849,1.0,1.0,0.0,1.0,0.0
2020-12-10,6.192550970000013,141.59599946,1.0,1.0,0.0,1.0,0.0
2020-12-11,-4.7101246899999865,136.88587477000002,1.0,1.0,0.0,1.0,0.0
2020-12-14,-0.0832399500000065,136.80263482,1.0,1.0,0.0,1.0,0.0
2020-12-15,1.7126380400000016,138.51527286,1.0,1.0,0.0,1.0,0.0
2020-12-16,1.3773473100000047,139.89262017000001,1.0,1.0,0.0,1.0,0.0
2020-12-17,4.236104430000012,144.12872460000003,1.0,1.0,0.0,1.0,0.0
2020-12-18,3.145363619999955,147.27408821999998,1.0,1.0,0.0,1.0,0.0
2020-12-21,-5.396160289999955,141.87792793000003,1.0,1.0,0.0,1.0,0.0
2020-12-22,-5.729666430000009,136.14826150000002,1.0,1.0,0.0,1.0,0.0
2020-12-23,3.539131819999966,139.68739331999998,1.0,1.0,0.0,1.0,0.0
2020-12-24,0.632141890000014,140.31953521,1.0,1.0,0.0,1.0,0.0
2020-12-28,0.8653150499999924,141.18485026,1.0,1.0,0.0,1.0,0.0
2020-12-29,-1.594398539999986,139.59045172,1.0,1.0,0.0,1.0,0.0
2020-12-30,-0.6031505899999843,138.98730113000002,1.0,1.0,0.0,1.0,0.0
2020-12-31,-3.01987551000002,135.96742562,1.0,1.0,0.0,1.0,0.0
2021-01-04,3.6224811999999815,139.58990681999998,1.0,1.0,0.0,1.0,0.0
2021-01-05,8.46072995000003,148.05063677,1.0,1.0,0.0,1.0,0.0
2021-01-06,1.1270542899999896,149.17769106,1.0,1.0,0.0,1.0,0.0
2021-01-07,4.544905540000002,153.7225966,1.0,1.0,0.0,1.0,0.0
2021-01-08,-2.23610506,151.48649154,1.0,1.0,0.0,1.0,0.0
2021-01-11,-10.93036159999997,140.55612994000003,1.0,1.0,0.0,1.0,0.0
2021-01-12,4.036834899999974,144.59296484,1.0,1.0,0.0,1.0,0.0
2021-01-13,1.1416140700000028,145.73457891,1.0,1.0,0.0,1.0,0.0
2021-01-14,4.669296050000014,150.40387496000002,1.0,1.0,0.0,1.0,0.0
2021-01-15,-6.160861549999993,144.24301341000003,1.0,1.0,0.0,1.0,0.0
2021-01-19,3.0665908699999704,147.30960428,1.0,1.0,0.0,1.0,0.0
2021-01-20,0.8197030200000199,148.12930730000002,1.0,1.0,0.0,1.0,0.0
2021-01-21,0.6604982399999813,148.78980554,1.0,1.0,0.0,1.0,0.0
2021-01-22,-2.1686383800000044,146.62116716,1.0,1.0,0.0,1.0,0.0
2021-01-25,0.3972461999999837,147.01841335999998,1.0,1.0,0.0,1.0,0.0
2021-01-26,-0.9185565999999881,146.09985676,1.0,1.0,0.0,1.0,0.0
2021-01-27,-6.174137959999996,139.9257188,1.0,1.0,0.0,1.0,0.0
2021-01-28,1.7072538099999974,141.63297261,1.0,1.0,0.0,1.0,0.0
2021-01-29,-2.2572103999999626,139.37576221000003,1.0,1.0,0.0,1.0,0.0
2021-02-01,-1.0767997100000457,138.2989625,1.0,1.0,0.0,1.0,0.0
2021-02-02,-2.06830156999996,136.23066093000003,1.0,1.0,0.0,1.0,0.0
2021-02-03,4.03859872999999,140.26925966000002,1.0,1.0,0.0,1.0,0.0
2021-02-04,-1.0959418200000073,139.17331784,1.0,1.0,0.0,1.0,0.0
2021-02-05,7.131686220000006,146.30500406000002,1.0,1.0,0.0,1.0,0.0
2021-02-08,3.9100493199999846,150.21505338,1.0,1.0,0.0,1.0,0.0
2021-02-09,5.221521830000029,155.43657521000003,1.0,1.0,0.0,1.0,0.0
2021-02-10,5.458638169999972,160.89521338,1.0,1.0,0.0,1.0,0.0
2021-02-11,0.025691359999996166,160.92090474,1.0,1.0,0.0,1.0,0.0
2021-02-12,1.3631347400000209,162.28403948000002,1.0,1.0,0.0,1.0,0.0
2021-02-16,4.590085639999984,166.87412512,1.0,1.0,0.0,1.0,0.0
2021-02-17,-0.9545761800000037,165.91954894,1.0,1.0,0.0,1.0,0.0
2021-02-18,8.088847900000019,174.00839684000002,1.0,1.0,0.0,1.0,0.0
2021-02-19,17.090330779999988,191.09872762,1.0,1.0,0.0,1.0,0.0
2021-02-22,7.160632529999987,198.25936015,1.0,1.0,0.0,1.0,0.0
2021-02-23,3.887980510000034,202.14734066000003,1.0,1.0,0.0,1.0,0.0
2021-02-24,11.607600249999962,213.75494091,1.0,1.0,0.0,1.0,0.0
2021-02-25,-4.043715149999969,209.71122576000002,1.0,1.0,0.0,1.0,0.0
2021-02-26,-16.915683639999997,192.79554212000002,1.0,1.0,0.0,1.0,0.0
2021-03-01,2.14584751000001,194.94138963000003,1.0,1.0,0.0,1.0,0.0
2021-03-02,10.666421369999966,205.607811,1.0,1.0,0.0,1.0,0.0
2021-03-03,-7.843496669999979,197.76431433000002,1.0,1.0,0.0,1.0,0.0
2021-03-04,-16.268889330000036,181.49542499999998,1.0,1.0,0.0,1.0,0.0
2021-03-05,9.67035211000001,191.16577711,1.0,1.0,0.0,1.0,0.0
2021-03-08,1.6747152700000356,192.84049238000003,1.0,1.0,0.0,1.0,0.0
2021-03-09,-8.396009330000027,184.44448305,1.0,1.0,0.0,1.0,0.0
2021-03-10,2.4152021599999784,186.85968520999998,1.0,1.0,0.0,1.0,0.0
2021-03-11,10.738140140000041,197.59782535000002,1.0,1.0,0.0,1.0,0.0
2021-03-12,0.07100127999996175,197.66882662999998,1.0,1.0,0.0,1.0,0.0
2021-03-15,0.04547492000000375,197.71430155,1.0,1.0,0.0,1.0,0.0
2021-03-16,-6.819974009999953,190.89432754000003,1.0,1.0,0.0,1.0,0.0
2021-03-17,4.7432563299999515,195.63758387,1.0,1.0,0.0,1.0,0.0
2021-03-18,-1.1387604599999577,194.49882341000003,1.0,1.0,0.0,1.0,0.0
2021-03-19,0.44067194999996673,194.93949536,1.0,1.0,0.0,1.0,0.0
2021-03-22,2.745474760000036,197.68497012000003,1.0,1.0,0.0,1.0,0.0
2021-03-23,-5.97146532000005,191.71350479999998,1.0,1.0,0.0,1.0,0.0
2021-03-24,-1.4540833099999873,190.25942149,1.0,1.0,0.0,1.0,0.0
2021-03-25,-8.63184984999998,181.62757164,1.0,1.0,0.0,1.0,0.0
2021-03-26,8.957614999999976,190.58518664,1.0,1.0,0.0,1.0,0.0
2021-03-29,-3.2541730899999948,187.33101355,1.0,1.0,0.0,1.0,0.0
2021-03-30,-5.57181522999997,181.75919832000002,1.0,1.0,0.0,1.0,0.0
2021-03-31,1.7720345399999928,183.53123286000002,1.0,1.0,0.0,1.0,0.0
2021-04-01,-0.5305185299999948,183.00071433000002,1.0,1.0,0.0,1.0,0.0
2021-04-05,14.633573719999958,197.63428804999998,1.0,1.0,0.0,1.0,0.0
2021-04-06,-2.2206107999999745,195.41367725,1.0,1.0,0.0,1.0,0.0
2021-04-07,-6.076387179999983,189.33729007000002,1.0,1.0,0.0,1.0,0.0
2021-04-08,4.098655959999974,193.43594603,1.0,1.0,0.0,1.0,0.0
2021-04-09,-5.311613780000016,188.12433224999998,1.0,1.0,0.0,1.0,0.0
2021-04-12,-2.031475589999957,186.09285666000002,1.0,1.0,0.0,1.0,0.0
2021-04-13,1.3454796299999998,187.43833629000002,1.0,1.0,0.0,1.0,0.0
2021-04-14,9.469152449999967,196.90748874,1.0,1.0,0.0,1.0,0.0
2021-04-15,9.07158516000004,205.97907390000003,1.0,1.0,0.0,1.0,0.0
2021-04-16,-5.080866290000017,200.89820761000001,1.0,1.0,0.0,1.0,0.0
2021-04-19,7.197671479999997,208.09587909,1.0,1.0,0.0,1.0,0.0
2021-04-20,-2.3854520300000104,205.71042706,1.0,1.0,0.0,1.0,0.0
2021-04-21,6.640411610000001,212.35083867,1.0,1.0,0.0,1.0,0.0
2021-04-22,-0.717503000000022,211.63333566999998,1.0,1.0,0.0,1.0,0.0
2021-04-23,6.113964420000002,217.74730008999998,1.0,1.0,0.0,1.0,0.0
2021-04-26,10.342225340000027,228.08952543,1.0,1.0,0.0,1.0,0.0
2021-04-27,4.203968099999997,232.29349353,1.0,1.0,0.0,1.0,0.0
2021-04-28,1.0663635700000214,233.35985710000003,1.0,1.0,0.0,1.0,0.0
2021-04-29,-1.0541691800000308,232.30568792,1.0,1.0,0.0,1.0,0.0
2021-04-30,-1.8102561299999707,230.49543179000003,1.0,1.0,0.0,1.0,0.0
2021-05-03,5.995559499999956,236.49099128999998,1.0,1.0,0.0,1.0,0.0
2021-05-04,-0.7377369399999907,235.75325435,1.0,1.0,0.0,1.0,0.0
2021-05-05,0.2770680500000253,236.03032240000002,1.0,1.0,0.0,1.0,0.0
2021-05-06,7.790386930000011,243.82070933000003,1.0,1.0,0.0,1.0,0.0
2021-05-07,14.609161589999985,258.42987092,1.0,1.0,0.0,1.0,0.0
2021-05-10,-3.11593012000003,255.31394079999995,1.0,1.0,0.0,1.0,0.0
2021-05-11,4.707272869999997,260.02121366999995,1.0,1.0,0.0,1.0,0.0
2021-05-12,-2.6212726599999883,257.39994100999996,1.0,1.0,0.0,1.0,0.0
2021-05-13,-4.487321070000007,252.91261993999996,1.0,1.0,0.0,1.0,0.0
2021-05-14,-3.457271370000001,249.45534856999996,1.0,1.0,0.0,1.0,0.0
2021-05-17,5.718679090000023,255.17402765999998,1.0,1.0,0.0,1.0,0.0
2021-05-18,1.36986662999999,256.54389428999997,1.0,1.0,0.0,1.0,0.0
2021-05-19,-14.855648569999971,241.68824572,1.0,1.0,0.0,1.0,0.0
2021-05-20,-0.7992242700000247,240.88902144999997,1.0,1.0,0.0,1.0,0.0
2021-05-21,-8.630731400000002,232.25829004999997,1.0,1.0,0.0,1.0,0.0
2021-05-24,4.468439880000005,236.72672992999998,1.0,1.0,0.0,1.0,0.0
2021-05-25,-1.899763269999994,234.82696665999998,1.0,1.0,0.0,1.0,0.0
2021-05-26,2.2828755799999954,237.10984223999998,1.0,1.0,0.0,1.0,0.0
2021-05-27,13.35055189000002,250.46039413,1.0,1.0,0.0,1.0,0.0
2021-05-28,1.4250608300000067,251.88545496,1.0,1.0,0.0,1.0,0.0
2021-06-01,-2.4124180100000103,249.47303695,1.0,1.0,0.0,1.0,0.0
2021-06-02,-6.119263499999988,243.35377345,1.0,1.0,0.0,1.0,0.0
2021-06-03,-12.765629230000002,230.58814422,1.0,1.0,0.0,1.0,0.0
2021-06-04,6.517424479999988,237.1055687,1.0,1.0,0.0,1.0,0.0
2021-06-07,-0.11710844000003817,236.98846025999995,1.0,1.0,0.0,1.0,0.0
2021-06-08,2.912369520000027,239.90082977999998,1.0,1.0,0.0,1.0,0.0
2021-06-09,-2.4602978699999767,237.44053191,1.0,1.0,0.0,1.0,0.0
2021-06-10,-4.4642189300000155,232.97631298,1.0,1.0,0.0,1.0,0.0
2021-06-11,5.25830904999998,238.23462202999997,1.0,1.0,0.0,1.0,0.0
2021-06-14,-1.0895092499999919,237.14511277999998,1.0,1.0,0.0,1.0,0.0
2021-06-15,-19.282275070000026,217.86283770999995,1.0,1.0,0.0,1.0,0.0
2021-06-16,5.100598390000016,222.96343609999997,1.0,1.0,0.0,1.0,0.0
2021-06-17,-20.56100545999999,202.40243063999998,1.0,1.0,0.0,1.0,0.0
2021-06-18,-2.155314410000017,200.24711622999996,1.0,1.0,0.0,1.0,0.0
2021-06-21,2.1637232500000323,202.41083948,1.0,1.0,0.0,1.0,0.0
2021-06-22,3.56297558,205.97381506,1.0,1.0,0.0,1.0,0.0
2021-06-23,10.457723769999973,216.43153882999997,1.0,1.0,0.0,1.0,0.0
2021-06-24,-1.924174169999958,214.50736466,1.0,1.0,0.0,1.0,0.0
2021-06-25,-1.6499504100000308,212.85741424999998,1.0,1.0,0.0,1.0,0.0
2021-06-28,-1.0765010999999731,211.78091315,1.0,1.0,0.0,1.0,0.0
2021-06-29,-1.693338610000012,210.08757454,1.0,1.0,0.0,1.0,0.0
2021-06-30,2.4899879499999997,212.57756249,1.0,1.0,0.0,1.0,0.0
2021-07-01,-5.288849790000029,207.28871269999996,1.0,1.0,0.0,1.0,0.0
2021-07-02,4.06746991,211.35618260999996,1.0,1.0,0.0,1.0,0.0
2021-07-06,-2.5467090099999723,208.8094736,1.0,1.0,0.0,1.0,0.0
2021-07-07,7.134733100000005,215.9442067,1.0,1.0,0.0,1.0,0.0
2021-07-08,-5.6965318000000025,210.2476749,1.0,1.0,0.0,1.0,0.0
2021-07-09,8.067236279999975,218.31491117999997,1.0,1.0,0.0,1.0,0.0
2021-07-12,-3.0171862999999917,215.29772487999998,1.0,1.0,0.0,1.0,0.0
2021-07-13,-0.9411891099999821,214.35653577,1.0,1.0,0.0,1.0,0.0
2021-07-14,-3.8876821100000143,210.46885365999998,1.0,1.0,0.0,1.0,0.0
2021-07-15,5.478072769999983,215.94692642999996,1.0,1.0,0.0,1.0,0.0
2021-07-16,0.020478380000042762,215.96740481,1.0,1.0,0.0,1.0,0.0
2021-07-19,-12.090127289999998,203.87727752,1.0,1.0,0.0,1.0,0.0
2021-07-20,6.142135229999951,210.01941274999996,1.0,1.0,0.0,1.0,0.0
2021-07-21,0.8537924400000065,210.87320518999996,1.0,1.0,0.0,1.0,0.0
2021-07-22,6.4852811599999995,217.35848634999996,1.0,1.0,0.0,1.0,0.0
2021-07-23,5.89772744000004,223.25621379,1.0,1.0,0.0,1.0,0.0
2021-07-26,17.14333856999997,240.39955235999997,1.0,1.0,0.0,1.0,0.0
2021-07-27,-4.05193816000002,236.34761419999995,1.0,1.0,0.0,1.0,0.0
2021-07-28,-5.59349573999998,230.75411845999997,1.0,1.0,0.0,1.0,0.0
2021-07-29,4.330630499999984,235.08474895999996,1.0,1.0,0.0,1.0,0.0
2021-07-30,-4.366085139999996,230.71866381999996,1.0,1.0,0.0,1.0,0.0
2021-08-02,-4.438478839999959,226.28018498,1.0,1.0,0.0,1.0,0.0
2021-08-03,-4.466116890000023,221.81406808999998,1.0,1.0,0.0,1.0,0.0
2021-08-04,-5.30063414,216.51343394999998,1.0,1.0,0.0,1.0,0.0
2021-08-05,1.3291533999999956,217.84258734999997,1.0,1.0,0.0,1.0,0.0
2021-08-06,0.21591782000001558,218.05850517,1.0,1.0,0.0,1.0,0.0
2021-08-09,-5.778174960000001,212.28033021,1.0,1.0,0.0,1.0,0.0
2021-08-10,6.394863769999972,218.67519397999996,1.0,1.0,0.0,1.0,0.0
2021-08-11,1.3301398000000404,220.00533378,1.0,1.0,0.0,1.0,0.0
2021-08-12,-1.0198727000000076,218.98546108,1.0,1.0,0.0,1.0,0.0
2021-08-13,3.0866521300000045,222.07211321,1.0,1.0,0.0,1.0,0.0
2021-08-16,-6.0563644599999975,216.01574875,1.0,1.0,0.0,1.0,0.0
2021-08-17,-11.700422910000043,204.31532583999996,1.0,1.0,0.0,1.0,0.0
2021-08-18,-8.436571409999999,195.87875442999996,1.0,1.0,0.0,1.0,0.0
2021-08-19,-7.7129900200000066,188.16576440999995,1.0,1.0,0.0,1.0,0.0
2021-08-20,8.220829460000004,196.38659386999996,1.0,1.0,0.0,1.0,0.0
2021-08-23,9.634946280000008,206.02154014999996,1.0,1.0,0.0,1.0,0.0
2021-08-24,3.723470720000023,209.74501087,1.0,1.0,0.0,1.0,0.0
2021-08-25,1.323690670000019,211.06870154,1.0,1.0,0.0,1.0,0.0
2021-08-26,-1.7614892900000427,209.30721224999996,1.0,1.0,0.0,1.0,0.0
2021-08-27,7.030776600000024,216.33798885,1.0,1.0,0.0,1.0,0.0
2021-08-30,4.405769420000013,220.74375827,1.0,1.0,0.0,1.0,0.0
2021-08-31,-0.16873428000002377,220.57502398999998,1.0,1.0,0.0,1.0,0.0
2021-09-01,-9.402170679999983,211.17285331,1.0,1.0,0.0,1.0,0.0
2021-09-02,2.6691459499999723,213.84199925999997,1.0,1.0,0.0,1.0,0.0
2021-09-03,2.9617992700000286,216.80379853,1.0,1.0,0.0,1.0,0.0
2021-09-07,-5.177390989999992,211.62640754,1.0,1.0,0.0,1.0,0.0
2021-09-08,-4.735222329999999,206.89118521,1.0,1.0,0.0,1.0,0.0
2021-09-09,5.284459329999947,212.17564453999995,1.0,1.0,0.0,1.0,0.0
2021-09-10,16.444433850000053,228.62007839,1.0,1.0,0.0,1.0,0.0
2021-09-13,-8.500080830000002,220.11999756,1.0,1.0,0.0,1.0,0.0
2021-09-14,-4.527899900000023,215.59209765999998,1.0,1.0,0.0,1.0,0.0
2021-09-15,8.420624120000014,224.01272178,1.0,1.0,0.0,1.0,0.0
2021-09-16,-12.371006130000012,211.64171564999998,1.0,1.0,0.0,1.0,0.0
2021-09-17,-3.588911909999979,208.05280374,1.0,1.0,0.0,1.0,0.0
2021-09-20,-13.039867790000017,195.01293594999999,1.0,1.0,0.0,1.0,0.0
2021-09-21,1.0902977599999986,196.10323370999998,1.0,1.0,0.0,1.0,0.0
2021-09-22,12.561270190000016,208.6645039,1.0,1.0,0.0,1.0,0.0
2021-09-23,-2.023976310000023,206.64052758999998,1.0,1.0,0.0,1.0,0.0
2021-09-24,5.228899969999986,211.86942755999996,1.0,1.0,0.0,1.0,0.0
2021-09-27,0.16625078999999232,212.03567834999996,1.0,1.0,0.0,1.0,0.0
2021-09-28,-4.403597160000004,207.63208118999995,1.0,1.0,0.0,1.0,0.0
2021-09-29,-4.617988349999962,203.01409284,1.0,1.0,0.0,1.0,0.0
2021-09-30,-11.091040590000034,191.92305224999996,1.0,1.0,0.0,1.0,0.0
2021-10-01,9.772597310000037,201.69564956,1.0,1.0,0.0,1.0,0.0
2021-10-04,5.138330689999975,206.83398024999997,1.0,1.0,0.0,1.0,0.0
2021-10-05,-4.59703823000001,202.23694201999996,1.0,1.0,0.0,1.0,0.0
2021-10-06,-4.369380460000002,197.86756155999996,1.0,1.0,0.0,1.0,0.0
2021-10-07,9.585174030000019,207.45273558999997,1.0,1.0,0.0,1.0,0.0
2021-10-08,3.17768202000002,210.63041761,1.0,1.0,0.0,1.0,0.0
2021-10-11,8.947245720000012,219.57766333,1.0,1.0,0.0,1.0,0.0
2021-10-12,-4.1386620600000015,215.43900127,1.0,1.0,0.0,1.0,0.0
2021-10-13,17.889087349999954,233.32808861999996,1.0,1.0,0.0,1.0,0.0
2021-10-14,11.276580310000043,244.60466893,1.0,1.0,0.0,1.0,0.0
2021-10-15,9.864059580000003,254.46872851,1.0,1.0,0.0,1.0,0.0
2021-10-18,-0.6300208900000257,253.83870761999998,1.0,1.0,0.0,1.0,0.0
2021-10-19,-2.2532734399999867,251.58543418,1.0,1.0,0.0,1.0,0.0
2021-10-20,3.1992270899999653,254.78466126999996,1.0,1.0,0.0,1.0,0.0
2021-10-21,-17.564583409999955,237.22007786,1.0,1.0,0.0,1.0,0.0
2021-10-22,-5.446023560000015,231.7740543,1.0,1.0,0.0,1.0,0.0
2021-10-25,3.4894783099999813,235.26353260999997,1.0,1.0,0.0,1.0,0.0
2021-10-26,-3.8131881599999815,231.45034445,1.0,1.0,0.0,1.0,0.0
2021-10-27,-9.607761659999994,221.84258279,1.0,1.0,0.0,1.0,0.0
2021-10-28,4.335896339999977,226.17847912999997,1.0,1.0,0.0,1.0,0.0
2021-10-29,-7.226815619999968,218.95166351,1.0,1.0,0.0,1.0,0.0
2021-11-01,2.216924179999978,221.16858768999998,1.0,1.0,0.0,1.0,0.0
2021-11-02,-2.4551082799999904,218.71347941,1.0,1.0,0.0,1.0,0.0
2021-11-03,-4.020660980000002,214.69281843,1.0,1.0,0.0,1.0,0.0
2021-11-04,-0.08026562000003423,214.61255280999995,1.0,1.0,0.0,1.0,0.0
2021-11-05,2.2986448000000337,216.91119761,1.0,1.0,0.0,1.0,0.0
2021-11-08,5.777981350000005,222.68917896,1.0,1.0,0.0,1.0,0.0
2021-11-09,-2.306781190000038,220.38239776999995,1.0,1.0,0.0,1.0,0.0
2021-11-10,-4.705019389999961,215.67737838,1.0,1.0,0.0,1.0,0.0
2021-11-11,7.3222628699999746,222.99964124999997,1.0,1.0,0.0,1.0,0.0
2021-11-12,5.152251729999989,228.15189297999996,1.0,1.0,0.0,1.0,0.0
2021-11-15,-4.332855789999996,223.81903718999996,1.0,1.0,0.0,1.0,0.0
2021-11-16,-4.422173829999963,219.39686336,1.0,1.0,0.0,1.0,0.0
2021-11-17,-8.674088360000042,210.72277499999996,1.0,1.0,0.0,1.0,0.0
2021-11-18,3.3552464300000224,214.07802142999998,1.0,1.0,0.0,1.0,0.0
2021-11-19,9.282250869999984,223.36027229999996,1.0,1.0,0.0,1.0,0.0
2021-11-22,-0.09083411000000297,223.26943818999996,1.0,1.0,0.0,1.0,0.0
2021-11-23,2.6267727000000036,225.89621088999996,1.0,1.0,0.0,1.0,0.0
2021-11-24,4.601806710000005,230.49801759999997,1.0,1.0,0.0,1.0,0.0
2021-11-26,-17.907255910000003,212.59076168999997,1.0,1.0,0.0,1.0,0.0
2021-11-29,5.005358720000004,217.59612040999997,1.0,1.0,0.0,1.0,0.0
2021-11-30,-6.103336159999969,211.49278425,1.0,1.0,0.0,1.0,0.0
2021-12-01,-3.235425380000038,208.25735886999996,1.0,1.0,0.0,1.0,0.0
2021-12-02,5.046990920000042,213.30434979,1.0,1.0,0.0,1.0,0.0
2021-12-03,-3.1642312300000413,210.14011855999996,1.0,1.0,0.0,1.0,0.0
2021-12-06,6.802279730000009,216.94239828999997,1.0,1.0,0.0,1.0,0.0
2021-12-07,0.338550400000031,217.28094869,1.0,1.0,0.0,1.0,0.0
2021-12-08,5.286227409999981,222.56717609999998,1.0,1.0,0.0,1.0,0.0
2021-12-09,-6.01206105,216.55511504999998,1.0,1.0,0.0,1.0,0.0
2021-12-10,-4.508420909999984,212.04669414,1.0,1.0,0.0,1.0,0.0
2021-12-13,-0.11448326999999381,211.93221087,1.0,1.0,0.0,1.0,0.0
2021-12-14,-2.78667353000003,209.14553733999998,1.0,1.0,0.0,1.0,0.0
2021-12-15,-7.451017120000017,201.69452021999996,1.0,1.0,0.0,1.0,0.0
2021-12-16,12.043173600000046,213.73769382,1.0,1.0,0.0,1.0,0.0
2021-12-17,-0.9081323900000484,212.82956142999996,1.0,1.0,0.0,1.0,0.0
2021-12-20,-0.21528117999997676,212.61428024999998,1.0,1.0,0.0,1.0,0.0
2021-12-21,5.147701770000026,217.76198202,1.0,1.0,0.0,1.0,0.0
2021-12-22,4.461648939999975,222.22363095999998,1.0,1.0,0.0,1.0,0.0
2021-12-23,0.12529652000000624,222.34892748,1.0,1.0,0.0,1.0,0.0
2021-12-27,7.803711039999996,230.15263851999998,1.0,1.0,0.0,1.0,0.0
2021-12-28,-3.681195559999992,226.47144296,1.0,1.0,0.0,1.0,0.0
2021-12-29,-2.116839930000026,224.35460302999996,1.0,1.0,0.0,1.0,0.0
2021-12-30,-1.8133200499999589,222.54128298,1.0,1.0,0.0,1.0,0.0
2021-12-31,6.915523949999965,229.45680692999997,1.0,1.0,0.0,1.0,0.0
2022-01-03,-3.9813413499999797,225.47546558,1.0,1.0,0.0,1.0,0.0
2022-01-04,5.296230589999993,230.77169616999998,1.0,1.0,0.0,1.0,0.0
2022-01-05,-5.938572679999993,224.83312349,1.0,1.0,0.0,1.0,0.0
2022-01-06,-5.838593390000028,218.99453009999996,1.0,1.0,0.0,1.0,0.0
2022-01-07,5.536771390000013,224.53130148999998,1.0,1.0,0.0,1.0,0.0
2022-01-10,-5.707428149999998,218.82387333999998,1.0,1.0,0.0,1.0,0.0
2022-01-11,7.604814920000024,226.42868826,1.0,1.0,0.0,1.0,0.0
2022-01-12,14.524905349999983,240.95359360999998,1.0,1.0,0.0,1.0,0.0
2022-01-13,-2.9634425799999917,237.99015103,1.0,1.0,0.0,1.0,0.0
2022-01-14,-12.320162840000023,225.66998818999997,1.0,1.0,0.0,1.0,0.0
2022-01-18,-3.6365597699999626,222.03342842,1.0,1.0,0.0,1.0,0.0
2022-01-19,8.74269425999995,230.77612267999996,1.0,1.0,0.0,1.0,0.0
2022-01-20,10.923368659999994,241.69949133999995,1.0,1.0,0.0,1.0,0.0
2022-01-21,-5.814135209999961,235.88535613,1.0,1.0,0.0,1.0,0.0
2022-01-24,-10.85705218000004,225.02830394999995,1.0,1.0,0.0,1.0,0.0
2022-01-25,3.626973220000025,228.65527716999998,1.0,1.0,0.0,1.0,0.0
2022-01-26,6.475126579999994,235.13040374999997,1.0,1.0,0.0,1.0,0.0
2022-01-27,-9.248499320000008,225.88190442999996,1.0,1.0,0.0,1.0,0.0
2022-01-28,-11.10996038999997,214.77194404,1.0,1.0,0.0,1.0,0.0
2022-01-31,1.3664110799999776,216.13835511999997,1.0,1.0,0.0,1.0,0.0
2022-02-01,10.657406439999988,226.79576155999996,1.0,1.0,0.0,1.0,0.0
2022-02-02,6.076759190000018,232.87252074999998,1.0,1.0,0.0,1.0,0.0
2022-02-03,-2.293480729999999,230.57904001999998,1.0,1.0,0.0,1.0,0.0
2022-02-04,1.7231668300000251,232.30220685,1.0,1.0,0.0,1.0,0.0
2022-02-07,-2.197696110000038,230.10451073999997,1.0,1.0,0.0,1.0,0.0
2022-02-08,-0.38694927000000234,229.71756146999996,1.0,1.0,0.0,1.0,0.0
2022-02-09,13.550691480000012,243.26825294999998,1.0,1.0,0.0,1.0,0.0
2022-02-10,5.646144450000008,248.91439739999998,1.0,1.0,0.0,1.0,0.0
2022-02-11,-14.644645760000003,234.26975163999998,1.0,1.0,0.0,1.0,0.0
2022-02-14,-0.08079141000001755,234.18896022999996,1.0,1.0,0.0,1.0,0.0
2022-02-15,2.7393310799999995,236.92829130999996,1.0,1.0,0.0,1.0,0.0
2022-02-16,0.4822728800000391,237.41056419,1.0,1.0,0.0,1.0,0.0
2022-02-17,-1.306363870000041,236.10420031999996,1.0,1.0,0.0,1.0,0.0
2022-02-18,-0.24498284999998532,235.85921746999998,1.0,1.0,0.0,1.0,0.0
2022-02-22,-0.864503319999983,234.99471415,1.0,1.0,0.0,1.0,0.0
2022-02-23,-2.7665741800000205,232.22813996999997,1.0,1.0,0.0,1.0,0.0
2022-02-24,-2.725310620000016,229.50282934999996,1.0,1.0,0.0,1.0,0.0
2022-02-25,2.4863151900000275,231.98914453999998,1.0,1.0,0.0,1.0,0.0
2022-02-28,-2.9389891100000227,229.05015542999996,1.0,1.0,0.0,1.0,0.0
2022-03-01,14.195340710000039,243.24549614,1.0,1.0,0.0,1.0,0.0
2022-03-02,6.792401899999959,250.03789803999996,1.0,1.0,0.0,1.0,0.0
2022-03-03,11.011906570000008,261.04980460999997,1.0,1.0,0.0,1.0,0.0
2022-03-04,15.121106489999988,276.17091109999996,1.0,1.0,0.0,1.0,0.0
2022-03-07,-19.95597674999999,256.21493434999996,1.0,1.0,0.0,1.0,0.0
2022-03-08,-1.8971323499999926,254.31780199999997,1.0,1.0,0.0,1.0,0.0
2022-03-09,-13.665859809999972,240.65194219,1.0,1.0,0.0,1.0,0.0
2022-03-10,7.72604935999999,248.37799155,1.0,1.0,0.0,1.0,0.0
2022-03-11,-2.500403380000023,245.87758816999997,1.0,1.0,0.0,1.0,0.0
2022-03-14,-9.927962149999985,235.94962601999998,1.0,1.0,0.0,1.0,0.0
2022-03-15,-0.8979777000000126,235.05164831999997,1.0,1.0,0.0,1.0,0.0
2022-03-16,8.532129690000033,243.58377801,1.0,1.0,0.0,1.0,0.0
2022-03-17,9.867885939999951,253.45166394999995,1.0,1.0,0.0,1.0,0.0
2022-03-18,3.7462637900000004,257.19792773999995,1.0,1.0,0.0,1.0,0.0
2022-03-21,-2.503074979999951,254.69485276,1.0,1.0,0.0,1.0,0.0
2022-03-22,-1.004784930000028,253.69006782999998,1.0,1.0,0.0,1.0,0.0
2022-03-23,7.529925429999992,261.21999325999997,1.0,1.0,0.0,1.0,0.0
2022-03-24,-3.2386055100000135,257.98138774999995,1.0,1.0,0.0,1.0,0.0
2022-03-25,-4.326013409999973,253.65537433999998,1.0,1.0,0.0,1.0,0.0
2022-03-28,2.7420337400000108,256.39740808,1.0,1.0,0.0,1.0,0.0
2022-03-29,0.44582997999998497,256.84323806,1.0,1.0,0.0,1.0,0.0
2022-03-30,2.064635360000011,258.90787342,1.0,1.0,0.0,1.0,0.0
2022-03-31,0.11230568999997104,259.02017910999996,1.0,1.0,0.0,1.0,0.0
2022-04-01,-6.181856709999977,252.83832239999998,1.0,1.0,0.0,1.0,0.0
2022-04-04,9.229393319999986,262.06771571999997,1.0,1.0,0.0,1.0,0.0
2022-04-05,1.4910365800000136,263.5587523,1.0,1.0,0.0,1.0,0.0
2022-04-06,-5.62725389000002,257.93149840999996,1.0,1.0,0.0,1.0,0.0
2022-04-07,-3.6553491199999826,254.27614928999998,1.0,1.0,0.0,1.0,0.0
2022-04-08,2.8196440199999984,257.09579331,1.0,1.0,0.0,1.0,0.0
2022-04-11,-8.747954689999972,248.34783862,1.0,1.0,0.0,1.0,0.0
2022-04-12,7.842833519999999,256.19067214,1.0,1.0,0.0,1.0,0.0
2022-04-13,0.2480867599999783,256.4387589,1.0,1.0,0.0,1.0,0.0
2022-04-14,1.0097972300000038,257.44855613,1.0,1.0,0.0,1.0,0.0
2022-04-18,8.075946689999967,265.52450281999995,1.0,1.0,0.0,1.0,0.0
2022-04-19,-8.134745599999974,257.38975722,1.0,1.0,0.0,1.0,0.0
2022-04-20,-6.275894030000018,251.11386318999996,1.0,1.0,0.0,1.0,0.0
2022-04-21,4.925376020000044,256.03923921,1.0,1.0,0.0,1.0,0.0
2022-04-22,-11.8513552,244.18788401,1.0,1.0,0.0,1.0,0.0
2022-04-25,-12.892612470000017,231.29527154,1.0,1.0,0.0,1.0,0.0
2022-04-26,-0.7294958599999859,230.56577568,1.0,1.0,0.0,1.0,0.0
2022-04-27,1.1697768500000052,231.73555253,1.0,1.0,0.0,1.0,0.0
2022-04-28,-4.174314590000051,227.56123793999996,1.0,1.0,0.0,1.0,0.0
2022-04-29,-2.6322412999999756,224.92899663999998,1.0,1.0,0.0,1.0,0.0
2022-05-02,-14.086047640000004,210.84294899999998,1.0,1.0,0.0,1.0,0.0
2022-05-03,1.5722483499999953,212.41519734999997,1.0,1.0,0.0,1.0,0.0
2022-05-04,5.42962971999998,217.84482706999995,1.0,1.0,0.0,1.0,0.0
2022-05-05,-4.57935015999999,213.26547690999996,1.0,1.0,0.0,1.0,0.0
2022-05-06,-2.2582150599999977,211.00726184999996,1.0,1.0,0.0,1.0,0.0
2022-05-09,-7.2937709999999925,203.71349084999997,1.0,1.0,0.0,1.0,0.0
2022-05-10,-3.831750510000006,199.88174033999996,1.0,1.0,0.0,1.0,0.0
2022-05-11,5.304094930000019,205.18583526999998,1.0,1.0,0.0,1.0,0.0
2022-05-12,-10.79552923,194.39030603999998,1.0,1.0,0.0,1.0,0.0
2022-05-13,7.313097289999973,201.70340332999996,1.0,1.0,0.0,1.0,0.0
2022-05-16,1.5737866599999961,203.27718998999995,1.0,1.0,0.0,1.0,0.0
2022-05-17,4.718189020000011,207.99537900999997,1.0,1.0,0.0,1.0,0.0
2022-05-18,-6.066851509999992,201.92852749999997,1.0,1.0,0.0,1.0,0.0
2022-05-19,10.356578689999992,212.28510618999996,1.0,1.0,0.0,1.0,0.0
2022-05-20,-0.6626823099999797,211.62242387999999,1.0,1.0,0.0,1.0,0.0
2022-05-23,6.992813290000015,218.61523717,1.0,1.0,0.0,1.0,0.0
2022-05-24,-3.878669030000026,214.73656813999997,1.0,1.0,0.0,1.0,0.0
2022-05-25,-4.889173299999982,209.84739484,1.0,1.0,0.0,1.0,0.0
2022-05-26,0.4723271299999965,210.31972197,1.0,1.0,0.0,1.0,0.0
2022-05-27,4.772657750000008,215.09237972,1.0,1.0,0.0,1.0,0.0
2022-05-31,-1.0468317700000398,214.04554794999996,1.0,1.0,0.0,1.0,0.0
2022-06-01,3.2148612600000206,217.26040920999998,1.0,1.0,0.0,1.0,0.0
2022-06-02,22.43582957000001,239.69623878,1.0,1.0,0.0,1.0,0.0
2022-06-03,-7.842241119999983,231.85399766,1.0,1.0,0.0,1.0,0.0
2022-06-06,-3.763322290000019,228.09067536999999,1.0,1.0,0.0,1.0,0.0
2022-06-07,0.10028273000000354,228.1909581,1.0,1.0,0.0,1.0,0.0
2022-06-08,1.5066746800000033,229.69763278,1.0,1.0,0.0,1.0,0.0
2022-06-09,-6.9217872899999975,222.77584549,1.0,1.0,0.0,1.0,0.0
2022-06-10,-8.259690870000043,214.51615461999995,1.0,1.0,0.0,1.0,0.0
2022-06-13,-8.261324479999985,206.25483013999997,1.0,1.0,0.0,1.0,0.0
2022-06-14,-5.139942560000009,201.11488757999996,1.0,1.0,0.0,1.0,0.0
2022-06-15,0.6651512700000239,201.78003884999998,1.0,1.0,0.0,1.0,0.0
2022-06-16,-5.531000000000006,196.24903884999998,1.0,1.0,0.0,1.0,0.0
2022-06-17,-9.595167349999997,186.65387149999998,1.0,1.0,0.0,1.0,0.0
2022-06-21,2.066479309999977,188.72035080999996,1.0,1.0,0.0,1.0,0.0
2022-06-22,-9.665789529999984,179.05456127999997,1.0,1.0,0.0,1.0,0.0
2022-06-23,-20.174481739999976,158.88007954,1.0,1.0,0.0,1.0,0.0
2022-06-24,-0.17507148000004236,158.70500805999995,1.0,1.0,0.0,1.0,0.0
2022-06-27,2.092193660000021,160.79720171999998,1.0,1.0,0.0,1.0,0.0
2022-06-28,1.4501581800000167,162.2473599,1.0,1.0,0.0,1.0,0.0
2022-06-29,0.0949842100000069,162.34234411,1.0,1.0,0.0,1.0,0.0
2022-06-30,-7.013978050000048,155.32836605999995,1.0,1.0,0.0,1.0,0.0
2022-07-01,-10.617711869999994,144.71065418999996,1.0,1.0,0.0,1.0,0.0
2022-07-05,-18.940737990000002,125.76991619999995,1.0,1.0,0.0,1.0,0.0
2022-07-06,-0.9043134099999861,124.86560278999997,1.0,1.0,0.0,1.0,0.0
2022-07-07,16.389548130000037,141.25515092,1.0,1.0,0.0,1.0,0.0
2022-07-08,-4.995227590000013,136.25992333,1.0,1.0,0.0,1.0,0.0
2022-07-11,-9.289377100000024,126.97054622999997,1.0,1.0,0.0,1.0,0.0
2022-07-12,-14.234292219999986,112.73625400999998,1.0,1.0,0.0,1.0,0.0
2022-07-13,3.4525945600000227,116.18884857,1.0,1.0,0.0,1.0,0.0
2022-07-14,-11.131103640000049,105.05774492999996,1.0,1.0,0.0,1.0,0.0
2022-07-15,2.4001255300000253,107.45787045999998,1.0,1.0,0.0,1.0,0.0
2022-07-18,11.321688740000013,118.7795592,1.0,1.0,0.0,1.0,0.0
2022-07-19,-5.467244120000032,113.31231507999996,1.0,1.0,0.0,1.0,0.0
2022-07-20,3.416842430000031,116.72915751,1.0,1.0,0.0,1.0,0.0
2022-07-21,-2.6963174800000047,114.03284002999999,1.0,1.0,0.0,1.0,0.0
2022-07-22,5.094392419999963,119.12723244999995,1.0,1.0,0.0,1.0,0.0
2022-07-25,0.7268616800000132,119.85409412999996,1.0,1.0,0.0,1.0,0.0
2022-07-26,3.049016380000012,122.90311050999998,1.0,1.0,0.0,1.0,0.0
2022-07-27,4.47101975999999,127.37413026999997,1.0,1.0,0.0,1.0,0.0
2022-07-28,4.551050290000035,131.92518056,1.0,1.0,0.0,1.0,0.0
2022-07-29,9.653286249999951,141.57846680999995,1.0,1.0,0.0,1.0,0.0
2022-08-01,-3.011830849999967,138.56663595999999,1.0,1.0,0.0,1.0,0.0
2022-08-02,-2.4256176600000003,136.14101829999998,1.0,1.0,0.0,1.0,0.0
2022-08-03,-5.071815459999982,131.06920284,1.0,1.0,0.0,1.0,0.0
2022-08-04,1.590596689999984,132.65979953,1.0,1.0,0.0,1.0,0.0
2022-08-05,7.142375379999976,139.80217490999996,1.0,1.0,0.0,1.0,0.0
2022-08-08,3.3973010900000418,143.199476,1.0,1.0,0.0,1.0,0.0
2022-08-09,-0.024830800000017916,143.1746452,1.0,1.0,0.0,1.0,0.0
2022-08-10,6.301016000000004,149.4756612,1.0,1.0,0.0,1.0,0.0
2022-08-11,5.6483656799999835,155.12402687999997,1.0,1.0,0.0,1.0,0.0
2022-08-12,-3.7291353699999945,151.39489150999998,1.0,1.0,0.0,1.0,0.0
2022-08-15,-5.127852829999995,146.26703867999998,1.0,1.0,0.0,1.0,0.0
2022-08-16,0.5359782200000041,146.8030169,1.0,1.0,0.0,1.0,0.0
2022-08-17,-4.059795880000024,142.74322101999996,1.0,1.0,0.0,1.0,0.0
2022-08-18,4.6354839900000115,147.37870500999998,1.0,1.0,0.0,1.0,0.0
2022-08-19,3.4644960699999956,150.84320107999997,1.0,1.0,0.0,1.0,0.0
2022-08-22,-1.6476681899999903,149.19553288999998,1.0,1.0,0.0,1.0,0.0
2022-08-23,3.9006442300000117,153.09617712,1.0,1.0,0.0,1.0,0.0
2022-08-24,-4.451190230000009,148.64498688999998,1.0,1.0,0.0,1.0,0.0
2022-08-25,4.960334509999996,153.60532139999998,1.0,1.0,0.0,1.0,0.0
2022-08-26,-0.017343279999977312,153.58797812,1.0,1.0,0.0,1.0,0.0
2022-08-29,-8.58560940000001,145.00236872,1.0,1.0,0.0,1.0,0.0
2022-08-30,-5.925148750000005,139.07721997,1.0,1.0,0.0,1.0,0.0
2022-08-31,-3.399206300000003,135.67801366999998,1.0,1.0,0.0,1.0,0.0
2022-09-01,-11.159157540000024,124.51885612999996,1.0,1.0,0.0,1.0,0.0
2022-09-02,0.6125741600000083,125.13143028999997,1.0,1.0,0.0,1.0,0.0
2022-09-06,4.851511329999994,129.98294161999996,1.0,1.0,0.0,1.0,0.0
2022-09-07,-3.1643746599999645,126.81856696,1.0,1.0,0.0,1.0,0.0
2022-09-08,9.585800459999973,136.40436741999997,1.0,1.0,0.0,1.0,0.0
2022-09-09,4.074349850000033,140.47871727,1.0,1.0,0.0,1.0,0.0
2022-09-12,4.178314579999949,144.65703184999995,1.0,1.0,0.0,1.0,0.0
2022-09-13,-5.417026469999996,139.24000537999996,1.0,1.0,0.0,1.0,0.0
2022-09-14,-3.605476289999956,135.63452909,1.0,1.0,0.0,1.0,0.0
2022-09-15,-3.086092580000013,132.54843651,1.0,1.0,0.0,1.0,0.0
2022-09-16,2.587772110000003,135.13620862,1.0,1.0,0.0,1.0,0.0
2022-09-19,-0.27460449000000153,134.86160413,1.0,1.0,0.0,1.0,0.0
2022-09-20,-0.915687470000023,133.94591665999997,1.0,1.0,0.0,1.0,0.0
2022-09-21,-3.6046555599999692,130.3412611,1.0,1.0,0.0,1.0,0.0
2022-09-22,0.3693210999999792,130.71058219999998,1.0,1.0,0.0,1.0,0.0
2022-09-23,-12.69257318000001,118.01800901999997,1.0,1.0,0.0,1.0,0.0
2022-09-26,-4.9633146599999804,113.05469435999998,1.0,1.0,0.0,1.0,0.0
2022-09-27,-1.0715112899999895,111.98318307,1.0,1.0,0.0,1.0,0.0
2022-09-28,7.301087479999978,119.28427054999997,1.0,1.0,0.0,1.0,0.0
2022-09-29,5.7752801899999895,125.05955073999996,1.0,1.0,0.0,1.0,0.0
2022-09-30,-0.6585769099999652,124.40097383,1.0,1.0,0.0,1.0,0.0
2022-10-03,-0.17748455000003105,124.22348927999997,1.0,1.0,0.0,1.0,0.0
2022-10-04,7.90604318000004,132.12953246,1.0,1.0,0.0,1.0,0.0
2022-10-05,1.151834709999946,133.28136716999995,1.0,1.0,0.0,1.0,0.0
2022-10-06,-5.439461989999984,127.84190517999997,1.0,1.0,0.0,1.0,0.0
2022-10-07,-5.996863640000015,121.84504153999995,1.0,1.0,0.0,1.0,0.0
2022-10-10,4.320626520000019,126.16566805999997,1.0,1.0,0.0,1.0,0.0
2022-10-11,3.244388640000011,129.41005669999998,1.0,1.0,0.0,1.0,0.0
2022-10-12,-3.7549378100000013,125.65511888999998,1.0,1.0,0.0,1.0,0.0
2022-10-13,1.5114147400000206,127.16653363,1.0,1.0,0.0,1.0,0.0
2022-10-14,-1.821103350000044,125.34543027999996,1.0,1.0,0.0,1.0,0.0
2022-10-17,-0.5869378599999777,124.75849241999998,1.0,1.0,0.0,1.0,0.0
2022-10-18,-5.146368849999988,119.61212357,1.0,1.0,0.0,1.0,0.0
2022-10-19,-4.240087979999998,115.37203559,1.0,1.0,0.0,1.0,0.0
2022-10-20,9.114660329999992,124.48669591999999,1.0,1.0,0.0,1.0,0.0
2022-10-21,6.0019909700000085,130.48868689,1.0,1.0,0.0,1.0,0.0
2022-10-24,-4.208563910000009,126.28012297999999,1.0,1.0,0.0,1.0,0.0
2022-10-25,-3.3099578200000224,122.97016515999996,1.0,1.0,0.0,1.0,0.0
2022-10-26,14.418684770000027,137.38884993,1.0,1.0,0.0,1.0,0.0
2022-10-27,-2.4081127000000038,134.98073723,1.0,1.0,0.0,1.0,0.0
2022-10-28,-9.005036619999998,125.97570060999999,1.0,1.0,0.0,1.0,0.0
2022-10-31,-5.478499440000007,120.49720116999998,1.0,1.0,0.0,1.0,0.0
2022-11-01,9.812303849999978,130.30950501999996,1.0,1.0,0.0,1.0,0.0
2022-11-02,-0.3167415300000016,129.99276348999996,1.0,1.0,0.0,1.0,0.0
2022-11-03,-3.9677752799999553,126.02498821,1.0,1.0,0.0,1.0,0.0
2022-11-04,25.749234549999983,151.77422276,1.0,1.0,0.0,1.0,0.0
2022-11-07,-7.76810727000003,144.00611548999996,1.0,1.0,0.0,1.0,0.0
2022-11-08,7.691160010000033,151.6972755,1.0,1.0,0.0,1.0,0.0
2022-11-09,1.516362729999969,153.21363822999996,1.0,1.0,0.0,1.0,0.0
2022-11-10,5.659479239999996,158.87311746999995,1.0,1.0,0.0,1.0,0.0
2022-11-11,15.294214250000039,174.16733172,1.0,1.0,0.0,1.0,0.0
2022-11-14,-7.538207489999991,166.62912423,1.0,1.0,0.0,1.0,0.0
2022-11-15,-0.9484283500000288,165.68069587999997,1.0,1.0,0.0,1.0,0.0
2022-11-16,-4.57954073999997,161.10115514,1.0,1.0,0.0,1.0,0.0
2022-11-17,-7.9665745200000515,153.13458061999995,1.0,1.0,0.0,1.0,0.0
2022-11-18,-5.262654319999967,147.87192629999998,1.0,1.0,0.0,1.0,0.0
2022-11-21,-6.416350609999995,141.45557569,1.0,1.0,0.0,1.0,0.0
2022-11-22,3.8800341300000127,145.33560982,1.0,1.0,0.0,1.0,0.0
2022-11-23,0.3922340599999643,145.72784387999997,1.0,1.0,0.0,1.0,0.0
2022-11-25,1.1422039199999858,146.87004779999995,1.0,1.0,0.0,1.0,0.0
2022-11-28,-1.6191070399999603,145.25094076,1.0,1.0,0.0,1.0,0.0
2022-11-29,2.4565496600000074,147.70749042,1.0,1.0,0.0,1.0,0.0
2022-11-30,9.823459659999969,157.53095007999997,1.0,1.0,0.0,1.0,0.0
2022-12-01,8.022834980000027,165.55378506,1.0,1.0,0.0,1.0,0.0
2022-12-02,3.2691094999999564,168.82289455999995,1.0,1.0,0.0,1.0,0.0
2022-12-05,-5.4009929699999475,163.42190159,1.0,1.0,0.0,1.0,0.0
2022-12-06,2.3410698799999636,165.76297146999997,1.0,1.0,0.0,1.0,0.0
2022-12-07,4.173978970000007,169.93695043999998,1.0,1.0,0.0,1.0,0.0
2022-12-08,2.1734969600000227,172.1104474,1.0,1.0,0.0,1.0,0.0
2022-12-09,-0.3826818100000082,171.72776559,1.0,1.0,0.0,1.0,0.0
2022-12-12,-7.693489419999992,164.03427617,1.0,1.0,0.0,1.0,0.0
2022-12-13,4.043652529999974,168.07792869999997,1.0,1.0,0.0,1.0,0.0
2022-12-14,3.600715809999997,171.67864450999997,1.0,1.0,0.0,1.0,0.0
2022-12-15,-11.305873299999973,160.37277121,1.0,1.0,0.0,1.0,0.0
2022-12-16,-0.1730535100000452,160.19971769999995,1.0,1.0,0.0,1.0,0.0
2022-12-19,2.093169440000054,162.29288714,1.0,1.0,0.0,1.0,0.0
2022-12-20,1.618647879999969,163.91153501999997,1.0,1.0,0.0,1.0,0.0
2022-12-21,0.9722159899999951,164.88375100999997,1.0,1.0,0.0,1.0,0.0
2022-12-22,-5.201997029999973,159.68175398,1.0,1.0,0.0,1.0,0.0
2022-12-23,5.143956409999987,164.82571038999998,1.0,1.0,0.0,1.0,0.0
2022-12-27,3.2134393200000204,168.03914971,1.0,1.0,0.0,1.0,0.0
2022-12-28,0.2880031299999928,168.32715284,1.0,1.0,0.0,1.0,0.0
2022-12-29,-1.9430681700000036,166.38408467,1.0,1.0,0.0,1.0,0.0
2022-12-30,-1.3435010400000351,165.04058362999996,1.0,1.0,0.0,1.0,0.0
