Date,Close
2019-01-02,262.86825763
2019-01-03,257.33801946
2019-01-04,265.18903571
2019-01-07,264.18544649
2019-01-08,266.25260073
2019-01-09,266.38197876
2019-01-10,264.4648766
2019-01-11,266.99525955
2019-01-14,264.25848353
2019-01-15,263.9971837
2019-01-16,267.79693725
2019-01-17,268.58939408
2019-01-18,272.42283145
2019-01-22,266.64519529
2019-01-23,266.23101188
2019-01-24,265.19660124
2019-01-25,273.49816341
2019-01-28,268.75885316
2019-01-29,273.26234402
2019-01-30,277.40627396
2019-01-31,279.17799724
2019-02-01,278.01503765
2019-02-04,280.03891064
2019-02-05,282.31123847
2019-02-06,284.17932829
2019-02-07,283.51962881
2019-02-08,281.84680523
2019-02-11,279.68103733
2019-02-12,277.81159948
2019-02-13,277.92652858
2019-02-14,278.20715328
2019-02-15,280.5412782
2019-02-19,287.98269353
2019-02-20,292.21618376
2019-02-21,290.14721291
2019-02-22,295.04807523
2019-02-25,295.14915048
2019-02-26,295.40506099
2019-02-27,296.62737119
2019-02-28,295.23943973
2019-03-01,293.62081053
2019-03-04,291.36397001
2019-03-05,293.79095452
2019-03-06,292.38314992
2019-03-07,291.61204323
2019-03-08,289.81611776
2019-03-11,290.51836743
2019-03-12,293.23199239
2019-03-13,293.91764933
2019-03-14,289.64294687
2019-03-15,291.18461164
2019-03-18,291.55360516
2019-03-19,292.90249962
2019-03-20,292.80799319
2019-03-21,291.31615866
2019-03-22,285.05347579
2019-03-25,286.46438622
2019-03-26,286.10198387
2019-03-27,286.94019087
2019-03-28,287.9003518
2019-03-29,294.13649176
2019-04-01,293.06963199
2019-04-02,291.28385145
2019-04-03,295.42507929
2019-04-04,291.61766331
2019-04-05,290.20734315
2019-04-08,294.01239611
2019-04-09,294.23908385
2019-04-10,293.55740233
2019-04-11,289.78626868
2019-04-12,295.50975976
2019-04-15,294.56282251
2019-04-16,294.19533943
2019-04-17,297.66132068
2019-04-18,293.05716083
2019-04-22,291.26248719
2019-04-23,290.53837588
2019-04-24,292.10835582
2019-04-25,287.34600404
2019-04-26,290.05352957
2019-04-29,290.40749869
2019-04-30,291.13523972
2019-05-01,280.8778987
2019-05-02,278.51670161
2019-05-03,282.39623031
2019-05-06,283.58009256
2019-05-07,279.08957685
2019-05-08,277.94636317
2019-05-09,277.57735544
2019-05-10,277.87021288
2019-05-13,272.33453472
2019-05-14,272.92980213
2019-05-15,274.54712102
2019-05-16,275.16423548
2019-05-17,274.23033074
2019-05-20,272.95860694
2019-05-21,271.95848852
2019-05-22,268.35422158
2019-05-23,268.45210099
2019-05-24,270.33760488
2019-05-28,269.96434945
2019-05-29,266.83715367
2019-05-30,265.77156381
2019-05-31,264.17026478
2019-06-03,265.20993889
2019-06-04,267.10935851
2019-06-05,262.52025923
2019-06-06,265.19433137
2019-06-07,262.92439312
2019-06-10,266.2969486
2019-06-11,267.38274163
2019-06-12,265.60323329
2019-06-13,265.82310351
2019-06-14,263.12991948
2019-06-17,264.65752453
2019-06-18,270.23487773
2019-06-19,268.06683759
2019-06-20,271.23740117
2019-06-21,270.52522573
2019-06-24,270.6608303
2019-06-25,273.71115885
2019-06-26,271.80586901
2019-06-27,271.89986624
2019-06-28,271.66029523
2019-07-01,269.14582546
2019-07-02,266.78561023
2019-07-03,268.59086324
2019-07-05,266.45826389
2019-07-08,266.30284129
2019-07-09,262.88367819
2019-07-10,269.74706853
2019-07-11,269.14234423
2019-07-12,269.82038567
2019-07-15,271.44189349
2019-07-16,270.37088327
2019-07-17,271.9589546
2019-07-18,271.3631165
2019-07-19,275.67287518
2019-07-22,272.74316821
2019-07-23,270.49888091
2019-07-24,271.72369243
2019-07-25,270.97265302
2019-07-26,269.11723944
2019-07-29,272.26114441
2019-07-30,268.44112141
2019-07-31,267.23701895
2019-08-01,267.17994714
2019-08-02,257.83499599
2019-08-05,255.04950329
2019-08-06,256.34994459
2019-08-07,257.71451299
2019-08-08,261.3227557
2019-08-09,259.51877091
2019-08-12,259.14030656
2019-08-13,263.65141627
2019-08-14,259.84571103
2019-08-15,260.17634587
2019-08-16,260.14136413
2019-08-19,260.76473642
2019-08-20,258.41650525
2019-08-21,259.23901945
2019-08-22,256.61844637
2019-08-23,253.85555173
2019-08-26,255.15289793
2019-08-27,255.50069712
2019-08-28,256.6656787
2019-08-29,257.97874617
2019-08-30,255.4252003
2019-09-03,253.06430755
2019-09-04,259.77140964
2019-09-05,264.50889206
2019-09-06,263.74088922
2019-09-09,263.06366633
2019-09-10,263.12302386
2019-09-11,261.82385275
2019-09-12,264.4197834
2019-09-13,270.3359446
2019-09-16,264.49353425
2019-09-17,263.11505724
2019-09-18,261.6964083
2019-09-19,261.26422405
2019-09-20,261.05348728
2019-09-23,261.53856626
2019-09-24,261.02546979
2019-09-25,261.57194937
2019-09-26,258.1715548
2019-09-27,260.18581546
2019-09-30,258.31834812
2019-10-01,256.50596377
2019-10-02,257.45856807
2019-10-03,255.73563469
2019-10-04,256.60162861
2019-10-07,258.07465729
2019-10-08,257.28278787
2019-10-09,257.20831447
2019-10-10,261.70009559
2019-10-11,263.19643001
2019-10-14,263.81482344
2019-10-15,261.82627903
2019-10-16,259.40958548
2019-10-17,260.19843659
2019-10-18,264.02024046
2019-10-21,265.09034715
2019-10-22,263.80394641
2019-10-23,267.54654145
2019-10-24,267.21546688
2019-10-25,267.9911075
2019-10-28,268.77122035
2019-10-29,269.61609718
2019-10-30,269.05161482
2019-10-31,264.29843611
2019-11-01,265.76287985
2019-11-04,267.59730414
2019-11-05,270.53421277
2019-11-06,267.04267991
2019-11-07,273.30646509
2019-11-08,268.85216782
2019-11-11,267.12683024
2019-11-12,265.39623478
2019-11-13,264.87400057
2019-11-14,263.22636553
2019-11-15,264.8888629
2019-11-18,263.15988182
2019-11-19,266.76203338
2019-11-20,266.04623019
2019-11-21,263.61980673
2019-11-22,265.97420234
2019-11-25,266.32656598
2019-11-26,269.9620668
2019-11-27,269.93992097
2019-11-29,266.53428781
2019-12-02,265.45945401
2019-12-03,262.69527309
2019-12-04,266.27056541
2019-12-05,266.7176608
2019-12-06,272.91259064
2019-12-09,276.30124485
2019-12-10,277.07417205
2019-12-11,279.43621104
2019-12-12,280.20842682
2019-12-13,278.64607162
2019-12-16,281.62750229
2019-12-17,281.88056352
2019-12-18,281.70306552
2019-12-19,283.08152916
2019-12-20,281.04905514
2019-12-23,281.30321048
2019-12-24,283.18474709
2019-12-26,285.35052474
2019-12-27,283.39744148
2019-12-30,283.8504922
2019-12-31,280.27301419
2020-01-02,282.98755427
2020-01-03,279.21132925
2020-01-06,279.49234339
2020-01-07,279.89284634
2020-01-08,281.69459365
2020-01-09,280.71208111
2020-01-10,281.83869674
2020-01-13,286.55601594
2020-01-14,287.84287888
2020-01-15,287.11261889
2020-01-16,285.19294752
2020-01-17,285.06032919
2020-01-21,279.91955039
2020-01-22,277.16165421
2020-01-23,273.24804842
2020-01-24,269.06500078
2020-01-27,260.35797885
2020-01-28,258.54300419
2020-01-29,256.00597503
2020-01-30,252.99348519
2020-01-31,252.26913582
2020-02-03,251.32375558
2020-02-04,254.86790206
2020-02-05,258.12594647
2020-02-06,259.98857133
2020-02-07,256.09969578
2020-02-10,255.84641253
2020-02-11,259.14777259
2020-02-12,260.86718313
2020-02-13,262.1648556
2020-02-14,260.83308213
2020-02-18,261.28780191
2020-02-19,261.58364043
2020-02-20,259.82606514
2020-02-21,261.80506128
2020-02-24,258.5808398
2020-02-25,258.42197104
2020-02-26,257.59597187
2020-02-27,257.35426616
2020-02-28,254.36483429
2020-03-02,259.85153035
2020-03-03,257.62698962
2020-03-04,258.89346616
2020-03-05,257.64232518
2020-03-06,256.26311681
2020-03-09,251.3300434
2020-03-10,252.45047567
2020-03-11,250.42240584
2020-03-12,247.53194863
2020-03-13,246.71268203
2020-03-16,239.60852855
2020-03-17,231.72869146
2020-03-18,215.53485807
2020-03-19,218.89026318
2020-03-20,217.34611082
2020-03-23,210.22144485
2020-03-24,218.29581634
2020-03-25,220.80870075
2020-03-26,218.28609027
2020-03-27,217.64127787
2020-03-30,216.1352853
2020-03-31,223.28174431
2020-04-01,218.01100822
2020-04-02,222.34394261
2020-04-03,219.67390177
2020-04-06,222.19929854
2020-04-07,227.87144866
2020-04-08,227.03765674
2020-04-09,227.26346681
2020-04-13,231.82231532
2020-04-14,234.31610727
2020-04-15,230.90181272
2020-04-16,230.59197358
2020-04-17,235.8260052
2020-04-20,233.82407581
2020-04-21,226.46602068
2020-04-22,231.17518439
2020-04-23,232.33908986
2020-04-24,234.26435766
2020-04-27,235.09855102
2020-04-28,235.16389326
2020-04-29,237.62417949
2020-04-30,234.97347084
2020-05-01,231.74900313
2020-05-04,231.91706259
2020-05-05,233.97058095
2020-05-06,235.49808122
2020-05-07,238.70655644
2020-05-08,241.32524882
2020-05-11,238.68717879
2020-05-12,236.61236099
2020-05-13,235.3591226
2020-05-14,235.31254248
2020-05-15,233.76063464
2020-05-18,241.0910039
2020-05-19,242.57459983
2020-05-20,246.7471
2020-05-21,244.03977995
2020-05-22,239.4980251
2020-05-26,242.70466975
2020-05-27,239.1670546
2020-05-28,242.27629192
2020-05-29,243.45593216
2020-06-01,247.9019359
2020-06-02,249.98136211
2020-06-03,249.61824315
2020-06-04,249.85572544
2020-06-05,256.58435882
2020-06-08,257.8208452
2020-06-09,261.21783281
2020-06-10,267.08380189
2020-06-11,260.22987938
2020-06-12,261.91143311
2020-06-15,258.8572466
2020-06-16,258.93399162
2020-06-17,261.19805827
2020-06-18,261.27812842
2020-06-19,263.16813563
2020-06-22,266.74432293
2020-06-23,267.45447151
2020-06-24,266.49936912
2020-06-25,268.48686529
2020-06-26,268.57297691
2020-06-29,269.97094835
2020-06-30,273.54198776
2020-07-01,274.21069293
2020-07-02,275.60785785
2020-07-06,278.02694756
2020-07-07,280.38183088
2020-07-08,283.04916247
2020-07-09,284.70239869
2020-07-10,290.55550527
2020-07-13,296.36947976
2020-07-14,294.27065188
2020-07-15,289.49230388
2020-07-16,291.03009083
2020-07-17,291.36049777
2020-07-20,292.51791647
2020-07-21,296.79197592
2020-07-22,293.4686031
2020-07-23,294.7444932
2020-07-24,290.24583596
2020-07-27,290.91183273
2020-07-28,292.89732377
2020-07-29,293.03201434
2020-07-30,292.62573701
2020-07-31,288.27387902
2020-08-03,292.72356912
2020-08-04,291.10225712
2020-08-05,293.3547119
2020-08-06,292.89175449
2020-08-07,281.152281
2020-08-10,288.06683145
2020-08-11,289.48811944
2020-08-12,291.10226407
2020-08-13,283.10093311
2020-08-14,288.18816258
2020-08-17,292.30468391
2020-08-18,299.16534227
2020-08-19,303.84720297
2020-08-20,299.30771588
2020-08-21,293.71921005
2020-08-24,294.961546
2020-08-25,295.7611744
2020-08-26,298.62492256
2020-08-27,299.52649643
2020-08-28,302.39525558
2020-08-31,306.70996613
2020-09-01,303.42562339
2020-09-02,302.70407277
2020-09-03,298.19335262
2020-09-04,306.77484758
2020-09-08,303.17583474
2020-09-09,305.83064461
2020-09-10,300.52836566
2020-09-11,304.59297569
2020-09-14,307.47092144
2020-09-15,306.95567313
2020-09-16,306.7240794
2020-09-17,307.66853944
2020-09-18,311.79168046
2020-09-21,303.24160973
2020-09-22,306.1435644
2020-09-23,299.61120669
2020-09-24,297.06899309
2020-09-25,297.34847996
2020-09-28,299.31218289
2020-09-29,299.28414184
2020-09-30,303.5894889
2020-10-01,287.03394136
2020-10-02,298.16847996
2020-10-05,296.78167661
2020-10-06,296.8552364
2020-10-07,303.65535023
2020-10-08,304.31512028
2020-10-09,308.21950232
2020-10-12,306.64924082
2020-10-13,304.81119161
2020-10-14,305.50508683
2020-10-15,308.82702451
2020-10-16,306.90924052
2020-10-19,308.65292622
2020-10-20,314.68436862
2020-10-21,319.65362829
2020-10-22,315.3612891
2020-10-23,312.95165231
2020-10-26,309.03720094
2020-10-27,309.5896693
2020-10-28,306.64469029
2020-10-29,305.92385309
2020-10-30,305.0681423
2020-11-02,308.03076003
2020-11-03,309.26291622
2020-11-04,310.7978821
2020-11-05,311.31347515
2020-11-06,315.78318612
2020-11-09,316.03828668
2020-11-10,316.11323546
2020-11-11,313.98532173
2020-11-12,315.0930414
2020-11-13,318.37282871
2020-11-16,322.85737365
2020-11-17,320.80918974
2020-11-18,321.06181172
2020-11-19,321.77964081
2020-11-20,330.69982513
2020-11-23,327.69782867
2020-11-24,331.95705035
2020-11-25,333.14053173
2020-11-27,341.80962005
2020-11-30,343.90709997
2020-12-01,348.62491683
2020-12-02,348.95888511
2020-12-03,349.13573017
2020-12-04,352.56707906
2020-12-07,351.83860158
2020-12-08,350.11152627
2020-12-09,351.53873379
2020-12-10,357.73128476
2020-12-11,353.02116007
2020-12-14,352.93792012
2020-12-15,354.65055816
2020-12-16,356.02790547
2020-12-17,360.2640099
2020-12-18,363.40937352
2020-12-21,358.01321323
2020-12-22,352.2835468
2020-12-23,355.82267862
2020-12-24,356.45482051
2020-12-28,357.32013556
2020-12-29,355.72573702
2020-12-30,355.12258643
2020-12-31,352.10271092
2021-01-04,355.72519212
2021-01-05,364.18592207
2021-01-06,365.31297636
2021-01-07,369.8578819
2021-01-08,367.62177684
2021-01-11,356.69141524
2021-01-12,360.72825014
2021-01-13,361.86986421
2021-01-14,366.53916026
2021-01-15,360.37829871
2021-01-19,363.44488958
2021-01-20,364.2645926
2021-01-21,364.92509084
2021-01-22,362.75645246
2021-01-25,363.15369866
2021-01-26,362.23514206
2021-01-27,356.0610041
2021-01-28,357.76825791
2021-01-29,355.51104751
2021-02-01,354.4342478
2021-02-02,352.36594623
2021-02-03,356.40454496
2021-02-04,355.30860314
2021-02-05,362.44028936
2021-02-08,366.35033868
2021-02-09,371.57186051
2021-02-10,377.03049868
2021-02-11,377.05619004
2021-02-12,378.41932478
2021-02-16,383.00941042
2021-02-17,382.05483424
2021-02-18,390.14368214
2021-02-19,407.23401292
2021-02-22,414.39464545
2021-02-23,418.28262596
2021-02-24,429.89022621
2021-02-25,425.84651106
2021-02-26,408.93082742
2021-03-01,411.07667493
2021-03-02,421.7430963
2021-03-03,413.89959963
2021-03-04,397.6307103
2021-03-05,407.30106241
2021-03-08,408.97577768
2021-03-09,400.57976835
2021-03-10,402.99497051
2021-03-11,413.73311065
2021-03-12,413.80411193
2021-03-15,413.84958685
2021-03-16,407.02961284
2021-03-17,411.77286917
2021-03-18,410.63410871
2021-03-19,411.07478066
2021-03-22,413.82025542
2021-03-23,407.8487901
2021-03-24,406.39470679
2021-03-25,397.76285694
2021-03-26,406.72047194
2021-03-29,403.46629885
2021-03-30,397.89448362
2021-03-31,399.66651816
2021-04-01,399.13599963
2021-04-05,413.76957335
2021-04-06,411.54896255
2021-04-07,405.47257537
2021-04-08,409.57123133
2021-04-09,404.25961755
2021-04-12,402.22814196
2021-04-13,403.57362159
2021-04-14,413.04277404
2021-04-15,422.1143592
2021-04-16,417.03349291
2021-04-19,424.23116439
2021-04-20,421.84571236
2021-04-21,428.48612397
2021-04-22,427.76862097
2021-04-23,433.88258539
2021-04-26,444.22481073
2021-04-27,448.42877883
2021-04-28,449.4951424
2021-04-29,448.44097322
2021-04-30,446.63071709
2021-05-03,452.62627659
2021-05-04,451.88853965
2021-05-05,452.1656077
2021-05-06,459.95599463
2021-05-07,474.56515622
2021-05-10,471.4492261
2021-05-11,476.15649897
2021-05-12,473.53522631
2021-05-13,469.04790524
2021-05-14,465.59063387
2021-05-17,471.30931296
2021-05-18,472.67917959
2021-05-19,457.82353102
2021-05-20,457.02430675
2021-05-21,448.39357535
2021-05-24,452.86201523
2021-05-25,450.96225196
2021-05-26,453.24512754
2021-05-27,466.59567943
2021-05-28,468.02074026
2021-06-01,465.60832225
2021-06-02,459.48905875
2021-06-03,446.72342952
2021-06-04,453.240854
2021-06-07,453.12374556
2021-06-08,456.03611508
2021-06-09,453.57581721
2021-06-10,449.11159828
2021-06-11,454.36990733
2021-06-14,453.28039808
2021-06-15,433.99812301
2021-06-16,439.0987214
2021-06-17,418.53771594
2021-06-18,416.38240153
2021-06-21,418.54612478
2021-06-22,422.10910036
2021-06-23,432.56682413
2021-06-24,430.64264996
2021-06-25,428.99269955
2021-06-28,427.91619845
2021-06-29,426.22285984
2021-06-30,428.71284779
2021-07-01,423.423998
2021-07-02,427.49146791
2021-07-06,424.9447589
2021-07-07,432.079492
2021-07-08,426.3829602
2021-07-09,434.45019648
2021-07-12,431.43301018
2021-07-13,430.49182107
2021-07-14,426.60413896
2021-07-15,432.08221173
2021-07-16,432.10269011
2021-07-19,420.01256282
2021-07-20,426.15469805
2021-07-21,427.00849049
2021-07-22,433.49377165
2021-07-23,439.39149909
2021-07-26,456.53483766
2021-07-27,452.4828995
2021-07-28,446.88940376
2021-07-29,451.22003426
2021-07-30,446.85394912
2021-08-02,442.41547028
2021-08-03,437.94935339
2021-08-04,432.64871925
2021-08-05,433.97787265
2021-08-06,434.19379047
2021-08-09,428.41561551
2021-08-10,434.81047928
2021-08-11,436.14061908
2021-08-12,435.12074638
2021-08-13,438.20739851
2021-08-16,432.15103405
2021-08-17,420.45061114
2021-08-18,412.01403973
2021-08-19,404.30104971
2021-08-20,412.52187917
2021-08-23,422.15682545
2021-08-24,425.88029617
2021-08-25,427.20398684
2021-08-26,425.44249755
2021-08-27,432.47327415
2021-08-30,436.87904357
2021-08-31,436.71030929
2021-09-01,427.30813861
2021-09-02,429.97728456
2021-09-03,432.93908383
2021-09-07,427.76169284
2021-09-08,423.02647051
2021-09-09,428.31092984
2021-09-10,444.75536369
2021-09-13,436.25528286
2021-09-14,431.72738296
2021-09-15,440.14800708
2021-09-16,427.77700095
2021-09-17,424.18808904
2021-09-20,411.14822125
2021-09-21,412.23851901
2021-09-22,424.7997892
2021-09-23,422.77581289
2021-09-24,428.00471286
2021-09-27,428.17096365
2021-09-28,423.76736649
2021-09-29,419.14937814
2021-09-30,408.05833755
2021-10-01,417.83093486
2021-10-04,422.96926555
2021-10-05,418.37222732
2021-10-06,414.00284686
2021-10-07,423.58802089
2021-10-08,426.76570291
2021-10-11,435.71294863
2021-10-12,431.57428657
2021-10-13,449.46337392
2021-10-14,460.73995423
2021-10-15,470.60401381
2021-10-18,469.97399292
2021-10-19,467.72071948
2021-10-20,470.91994657
2021-10-21,453.35536316
2021-10-22,447.9093396
2021-10-25,451.39881791
2021-10-26,447.58562975
2021-10-27,437.97786809
2021-10-28,442.31376443
2021-10-29,435.08694881
2021-11-01,437.30387299
2021-11-02,434.84876471
2021-11-03,430.82810373
2021-11-04,430.74783811
2021-11-05,433.04648291
2021-11-08,438.82446426
2021-11-09,436.51768307
2021-11-10,431.81266368
2021-11-11,439.13492655
2021-11-12,444.28717828
2021-11-15,439.95432249
2021-11-16,435.53214866
2021-11-17,426.8580603
2021-11-18,430.21330673
2021-11-19,439.4955576
2021-11-22,439.40472349
2021-11-23,442.03149619
2021-11-24,446.6333029
2021-11-26,428.72604699
2021-11-29,433.73140571
2021-11-30,427.62806955
2021-12-01,424.39264417
2021-12-02,429.43963509
2021-12-03,426.27540386
2021-12-06,433.07768359
2021-12-07,433.41623399
2021-12-08,438.7024614
2021-12-09,432.69040035
2021-12-10,428.18197944
2021-12-13,428.06749617
2021-12-14,425.28082264
2021-12-15,417.82980552
2021-12-16,429.87297912
2021-12-17,428.96484673
2021-12-20,428.74956555
2021-12-21,433.89726732
2021-12-22,438.35891626
2021-12-23,438.48421278
2021-12-27,446.28792382
2021-12-28,442.60672826
2021-12-29,440.48988833
2021-12-30,438.67656828
2021-12-31,445.59209223
2022-01-03,441.61075088
2022-01-04,446.90698147
2022-01-05,440.96840879
2022-01-06,435.1298154
2022-01-07,440.66658679
2022-01-10,434.95915864
2022-01-11,442.56397356
2022-01-12,457.08887891
2022-01-13,454.12543633
2022-01-14,441.80527349
2022-01-18,438.16871372
2022-01-19,446.91140798
2022-01-20,457.83477664
2022-01-21,452.02064143
2022-01-24,441.16358925
2022-01-25,444.79056247
2022-01-26,451.26568905
2022-01-27,442.01718973
2022-01-28,430.90722934
2022-01-31,432.27364042
2022-02-01,442.93104686
2022-02-02,449.00780605
2022-02-03,446.71432532
2022-02-04,448.43749215
2022-02-07,446.23979604
2022-02-08,445.85284677
2022-02-09,459.40353825
2022-02-10,465.0496827
2022-02-11,450.40503694
2022-02-14,450.32424553
2022-02-15,453.06357661
2022-02-16,453.54584949
2022-02-17,452.23948562
2022-02-18,451.99450277
2022-02-22,451.12999945
2022-02-23,448.36342527
2022-02-24,445.63811465
2022-02-25,448.12442984
2022-02-28,445.18544073
2022-03-01,459.38078144
2022-03-02,466.17318334
2022-03-03,477.18508991
2022-03-04,492.3061964
2022-03-07,472.35021965
2022-03-08,470.4530873
2022-03-09,456.78722749
2022-03-10,464.51327685
2022-03-11,462.01287347
2022-03-14,452.08491132
2022-03-15,451.18693362
2022-03-16,459.71906331
2022-03-17,469.58694925
2022-03-18,473.33321304
2022-03-21,470.83013806
2022-03-22,469.82535313
2022-03-23,477.35527856
2022-03-24,474.11667305
2022-03-25,469.79065964
2022-03-28,472.53269338
2022-03-29,472.97852336
2022-03-30,475.04315872
2022-03-31,475.15546441
2022-04-01,468.9736077
2022-04-04,478.20300102
2022-04-05,479.6940376
2022-04-06,474.06678371
2022-04-07,470.41143459
2022-04-08,473.23107861
2022-04-11,464.48312392
2022-04-12,472.32595744
2022-04-13,472.5740442
2022-04-14,473.58384143
2022-04-18,481.65978812
2022-04-19,473.52504252
2022-04-20,467.24914849
2022-04-21,472.17452451
2022-04-22,460.32316931
2022-04-25,447.43055684
2022-04-26,446.70106098
2022-04-27,447.87083783
2022-04-28,443.69652324
2022-04-29,441.06428194
2022-05-02,426.9782343
2022-05-03,428.55048265
2022-05-04,433.98011237
2022-05-05,429.40076221
2022-05-06,427.14254715
2022-05-09,419.84877615
2022-05-10,416.01702564
2022-05-11,421.32112057
2022-05-12,410.52559134
2022-05-13,417.83868863
2022-05-16,419.41247529
2022-05-17,424.13066431
2022-05-18,418.0638128
2022-05-19,428.42039149
2022-05-20,427.75770918
2022-05-23,434.75052247
2022-05-24,430.87185344
2022-05-25,425.98268014
2022-05-26,426.45500727
2022-05-27,431.22766502
2022-05-31,430.18083325
2022-06-01,433.39569451
2022-06-02,455.83152408
2022-06-03,447.98928296
2022-06-06,444.22596067
2022-06-07,444.3262434
2022-06-08,445.83291808
2022-06-09,438.91113079
2022-06-10,430.65143992
2022-06-13,422.39011544
2022-06-14,417.25017288
2022-06-15,417.91532415
2022-06-16,412.38432415
2022-06-17,402.7891568
2022-06-21,404.85563611
2022-06-22,395.18984658
2022-06-23,375.01536484
2022-06-24,374.84029336
2022-06-27,376.93248702
2022-06-28,378.3826452
2022-06-29,378.47762941
2022-06-30,371.46365136
2022-07-01,360.84593949
2022-07-05,341.9052015
2022-07-06,341.00088809
2022-07-07,357.39043622
2022-07-08,352.39520863
2022-07-11,343.10583153
2022-07-12,328.87153931
2022-07-13,332.32413387
2022-07-14,321.19303023
2022-07-15,323.59315576
2022-07-18,334.9148445
2022-07-19,329.44760038
2022-07-20,332.86444281
2022-07-21,330.16812533
2022-07-22,335.26251775
2022-07-25,335.98937943
2022-07-26,339.03839581
2022-07-27,343.50941557
2022-07-28,348.06046586
2022-07-29,357.71375211
2022-08-01,354.70192126
2022-08-02,352.2763036
2022-08-03,347.20448814
2022-08-04,348.79508483
2022-08-05,355.93746021
2022-08-08,359.3347613
2022-08-09,359.3099305
2022-08-10,365.6109465
2022-08-11,371.25931218
2022-08-12,367.53017681
2022-08-15,362.40232398
2022-08-16,362.9383022
2022-08-17,358.87850632
2022-08-18,363.51399031
2022-08-19,366.97848638
2022-08-22,365.33081819
2022-08-23,369.23146242
2022-08-24,364.78027219
2022-08-25,369.7406067
2022-08-26,369.72326342
2022-08-29,361.13765402
2022-08-30,355.21250527
2022-08-31,351.81329897
2022-09-01,340.65414143
2022-09-02,341.26671559
2022-09-06,346.11822692
2022-09-07,342.95385226
2022-09-08,352.53965272
2022-09-09,356.61400257
2022-09-12,360.79231715
2022-09-13,355.37529068
2022-09-14,351.76981439
2022-09-15,348.68372181
2022-09-16,351.27149392
2022-09-19,350.99688943
2022-09-20,350.08120196
2022-09-21,346.4765464
2022-09-22,346.8458675
2022-09-23,334.15329432
2022-09-26,329.18997966
2022-09-27,328.11846837
2022-09-28,335.41955585
2022-09-29,341.19483604
2022-09-30,340.53625913
2022-10-03,340.35877458
2022-10-04,348.26481776
2022-10-05,349.41665247
2022-10-06,343.97719048
2022-10-07,337.98032684
2022-10-10,342.30095336
2022-10-11,345.545342
2022-10-12,341.79040419
2022-10-13,343.30181893
2022-10-14,341.48071558
2022-10-17,340.89377772
2022-10-18,335.74740887
2022-10-19,331.50732089
2022-10-20,340.62198122
2022-10-21,346.62397219
2022-10-24,342.41540828
2022-10-25,339.10545046
2022-10-26,353.52413523
2022-10-27,351.11602253
2022-10-28,342.11098591
2022-10-31,336.63248647
2022-11-01,346.44479032
2022-11-02,346.12804879
2022-11-03,342.16027351
2022-11-04,367.90950806
2022-11-07,360.14140079
2022-11-08,367.8325608
2022-11-09,369.34892353
2022-11-10,375.00840277
2022-11-11,390.30261702
2022-11-14,382.76440953
2022-11-15,381.81598118
2022-11-16,377.23644044
2022-11-17,369.26986592
2022-11-18,364.0072116
2022-11-21,357.59086099
2022-11-22,361.47089512
2022-11-23,361.86312918
2022-11-25,363.0053331
2022-11-28,361.38622606
2022-11-29,363.84277572
2022-11-30,373.66623538
2022-12-01,381.68907036
2022-12-02,384.95817986
2022-12-05,379.55718689
2022-12-06,381.89825677
2022-12-07,386.07223574
2022-12-08,388.2457327
2022-12-09,387.86305089
2022-12-12,380.16956147
2022-12-13,384.213214
2022-12-14,387.81392981
2022-12-15,376.50805651
2022-12-16,376.335003
2022-12-19,378.42817244
2022-12-20,380.04682032
2022-12-21,381.01903631
2022-12-22,375.81703928
2022-12-23,380.96099569
2022-12-27,384.17443501
2022-12-28,384.46243814
2022-12-29,382.51936997
2022-12-30,381.17586893
